gap_id,candidate_id,rank
C001-G01,C001-G01-C3,1
C001-G01,C001-G01-C2,2
C001-G01,C001-G01-C1,3
C001-G01,C001-G01-C4,4
C002-G01,C002-G01-C4,1
C002-G01,C002-G01-C1,2
C002-G01,C002-G01-C3,3
C002-G01,C002-G01-C2,4
C003-G01,C003-G01-C2,1
C003-G01,C003-G01-C3,2
C003-G01,C003-G01-C1,3
C003-G01,C003-G01-C4,4
C004-G01,C004-G01-C3,1
C004-G01,C004-G01-C5,2
C004-G01,C004-G01-C1,3
C004-G01,C004-G01-C2,4
C004-G01,C004-G01-C4,5
C005-G01,C005-G01-C2,1
C005-G01,C005-G01-C1,2
C005-G01,C005-G01-C5,3
C005-G01,C005-G01-C3,4
C005-G01,C005-G01-C4,5
C006-G01,C006-G01-C4,1
C006-G01,C006-G01-C5,2
C006-G01,C006-G01-C3,3
C006-G01,C006-G01-C2,4
C006-G01,C006-G01-C1,5
C007-G01,C007-G01-C5,1
C007-G01,C007-G01-C1,2
C007-G01,C007-G01-C3,3
C007-G01,C007-G01-C2,4
C007-G01,C007-G01-C4,5
C008-G01,C008-G01-C2,1
C008-G01,C008-G01-C4,2
C008-G01,C008-G01-C3,3
C008-G01,C008-G01-C1,4
C008-G01,C008-G01-C5,5
C008-G02,C008-G02-C4,1
C008-G02,C008-G02-C1,2
C008-G02,C008-G02-C5,3
C008-G02,C008-G02-C3,4
C008-G02,C008-G02-C2,5
C008-G03,C008-G03-C3,1
C008-G03,C008-G03-C5,2
C008-G03,C008-G03-C4,3
C008-G03,C008-G03-C2,4
C008-G03,C008-G03-C1,5
C009-G01,C009-G01-C1,1
C009-G01,C009-G01-C2,2
C009-G01,C009-G01-C4,3
C009-G01,C009-G01-C3,4
C010-G01,C010-G01-C3,1
C010-G01,C010-G01-C4,2
C010-G01,C010-G01-C1,3
C010-G01,C010-G01-C2,4
C010-G02,C010-G02-C3,1
C010-G02,C010-G02-C1,2
C010-G02,C010-G02-C2,3
C010-G02,C010-G02-C4,4
C010-G03,C010-G03-C1,1
C010-G03,C010-G03-C5,2
C010-G03,C010-G03-C4,3
C010-G03,C010-G03-C3,4
C010-G03,C010-G03-C2,5
C010-G04,C010-G04-C1,1
C010-G04,C010-G04-C5,2
C010-G04,C010-G04-C3,3
C010-G04,C010-G04-C2,4
C010-G04,C010-G04-C4,5
C011-G01,C011-G01-C3,1
C011-G01,C011-G01-C2,2
C011-G01,C011-G01-C5,3
C011-G01,C011-G01-C4,4
C011-G01,C011-G01-C1,5
C012-G01,C012-G01-C2,1
C012-G01,C012-G01-C4,2
C012-G01,C012-G01-C1,3
C012-G01,C012-G01-C3,4
C013-G01,C013-G01-C2,1
C013-G01,C013-G01-C4,2
C013-G01,C013-G01-C5,3
C013-G01,C013-G01-C1,4
C013-G01,C013-G01-C3,5
C013-G02,C013-G02-C3,1
C013-G02,C013-G02-C5,2
C013-G02,C013-G02-C1,3
C013-G02,C013-G02-C4,4
C013-G02,C013-G02-C2,5
C013-G03,C013-G03-C3,1
C013-G03,C013-G03-C2,2
C013-G03,C013-G03-C1,3
C013-G03,C013-G03-C4,4
C013-G03,C013-G03-C5,5
C013-G04,C013-G04-C5,1
C013-G04,C013-G04-C3,2
C013-G04,C013-G04-C2,3
C013-G04,C013-G04-C4,4
C013-G04,C013-G04-C1,5
C014-G01,C014-G01-C5,1
C014-G01,C014-G01-C2,2
C014-G01,C014-G01-C4,3
C014-G01,C014-G01-C1,4
C014-G01,C014-G01-C3,5
C015-G01,C015-G01-C4,1
C015-G01,C015-G01-C2,2
C015-G01,C015-G01-C3,3
C015-G01,C015-G01-C5,4
C015-G01,C015-G01-C1,5
C016-G01,C016-G01-C4,1
C016-G01,C016-G01-C2,2
C016-G01,C016-G01-C1,3
C016-G01,C016-G01-C3,4
C017-G01,C017-G01-C5,1
C017-G01,C017-G01-C3,2
C017-G01,C017-G01-C4,3
C017-G01,C017-G01-C2,4
C017-G01,C017-G01-C1,5
C017-G01,C017-G01-C6,6
C018-G01,C018-G01-C5,1
C018-G01,C018-G01-C4,2
C018-G01,C018-G01-C1,3
C018-G01,C018-G01-C2,4
C018-G01,C018-G01-C3,5
C019-G01,C019-G01-C2,1
C019-G01,C019-G01-C1,2
C019-G01,C019-G01-C3,3
C019-G01,C019-G01-C5,4
C019-G01,C019-G01-C4,5
C019-G02,C019-G02-C3,1
C019-G02,C019-G02-C2,2
C019-G02,C019-G02-C5,3
C019-G02,C019-G02-C4,4
C019-G02,C019-G02-C1,5
C019-G03,C019-G03-C3,1
C019-G03,C019-G03-C5,2
C019-G03,C019-G03-C1,3
C019-G03,C019-G03-C4,4
C019-G03,C019-G03-C2,5
C020-G01,C020-G01-C2,1
C020-G01,C020-G01-C5,2
C020-G01,C020-G01-C1,3
C020-G01,C020-G01-C3,4
C020-G01,C020-G01-C4,5
C021-G01,C021-G01-C2,1
C021-G01,C021-G01-C5,2
C021-G01,C021-G01-C3,3
C021-G01,C021-G01-C1,4
C021-G01,C021-G01-C4,5
C021-G02,C021-G02-C3,1
C021-G02,C021-G02-C5,2
C021-G02,C021-G02-C4,3
C021-G02,C021-G02-C2,4
C021-G02,C021-G02-C1,5
C021-G03,C021-G03-C5,1
C021-G03,C021-G03-C3,2
C021-G03,C021-G03-C2,3
C021-G03,C021-G03-C1,4
C021-G03,C021-G03-C4,5
C022-G01,C022-G01-C2,1
C022-G01,C022-G01-C5,2
C022-G01,C022-G01-C1,3
C022-G01,C022-G01-C3,4
C022-G01,C022-G01-C4,5
C022-G02,C022-G02-C2,1
C022-G02,C022-G02-C3,2
C022-G02,C022-G02-C5,3
C022-G02,C022-G02-C1,4
C022-G02,C022-G02-C4,5
C022-G02,C022-G02-C6,6
C022-G03,C022-G03-C3,1
C022-G03,C022-G03-C5,2
C022-G03,C022-G03-C1,3
C022-G03,C022-G03-C2,4
C022-G03,C022-G03-C4,5
C023-G01,C023-G01-C3,1
C023-G01,C023-G01-C1,2
C023-G01,C023-G01-C2,3
C023-G01,C023-G01-C5,4
C023-G01,C023-G01-C4,5
C024-G01,C024-G01-C1,1
C024-G01,C024-G01-C3,2
C024-G01,C024-G01-C2,3
C024-G01,C024-G01-C4,4
C024-G01,C024-G01-C5,5
C024-G02,C024-G02-C5,1
C024-G02,C024-G02-C2,2
C024-G02,C024-G02-C4,3
C024-G02,C024-G02-C3,4
C024-G02,C024-G02-C1,5
C024-G03,C024-G03-C3,1
C024-G03,C024-G03-C4,2
C024-G03,C024-G03-C5,3
C024-G03,C024-G03-C2,4
C024-G03,C024-G03-C1,5
C025-G01,C025-G01-C4,1
C025-G01,C025-G01-C3,2
C025-G01,C025-G01-C2,3
C025-G01,C025-G01-C5,4
C025-G01,C025-G01-C1,5
C025-G02,C025-G02-C1,1
C025-G02,C025-G02-C3,2
C025-G02,C025-G02-C4,3
C025-G02,C025-G02-C2,4
C025-G03,C025-G03-C3,1
C025-G03,C025-G03-C1,2
C025-G03,C025-G03-C4,3
C025-G03,C025-G03-C2,4
C026-G01,C026-G01-C1,1
C026-G01,C026-G01-C5,2
C026-G01,C026-G01-C2,3
C026-G01,C026-G01-C4,4
C026-G01,C026-G01-C3,5
C027-G01,C027-G01-C2,1
C027-G01,C027-G01-C4,2
C027-G01,C027-G01-C3,3
C027-G01,C027-G01-C1,4
C027-G01,C027-G01-C5,5
C028-G01,C028-G01-C4,1
C028-G01,C028-G01-C1,2
C028-G01,C028-G01-C2,3
C028-G01,C028-G01-C5,4
C028-G01,C028-G01-C3,5
C029-G01,C029-G01-C4,1
C029-G01,C029-G01-C3,2
C029-G01,C029-G01-C1,3
C029-G01,C029-G01-C2,4
C030-G01,C030-G01-C5,1
C030-G01,C030-G01-C3,2
C030-G01,C030-G01-C1,3
C030-G01,C030-G01-C2,4
C030-G01,C030-G01-C4,5
C031-G01,C031-G01-C1,1
C031-G01,C031-G01-C4,2
C031-G01,C031-G01-C3,3
C031-G01,C031-G01-C2,4
C031-G01,C031-G01-C5,5
C031-G02,C031-G02-C4,1
C031-G02,C031-G02-C1,2
C031-G02,C031-G02-C2,3
C031-G02,C031-G02-C3,4
C031-G02,C031-G02-C5,5
C031-G03,C031-G03-C5,1
C031-G03,C031-G03-C1,2
C031-G03,C031-G03-C2,3
C031-G03,C031-G03-C4,4
C031-G03,C031-G03-C3,5
C031-G04,C031-G04-C1,1
C031-G04,C031-G04-C5,2
C031-G04,C031-G04-C2,3
C031-G04,C031-G04-C4,4
C031-G04,C031-G04-C3,5
C032-G01,C032-G01-C4,1
C032-G01,C032-G01-C5,2
C032-G01,C032-G01-C1,3
C032-G01,C032-G01-C2,4
C032-G01,C032-G01-C3,5
C033-G01,C033-G01-C3,1
C033-G01,C033-G01-C1,2
C033-G01,C033-G01-C5,3
C033-G01,C033-G01-C4,4
C033-G01,C033-G01-C2,5
C033-G02,C033-G02-C2,1
C033-G02,C033-G02-C4,2
C033-G02,C033-G02-C1,3
C033-G02,C033-G02-C5,4
C033-G02,C033-G02-C3,5
C033-G03,C033-G03-C3,1
C033-G03,C033-G03-C5,2
C033-G03,C033-G03-C4,3
C033-G03,C033-G03-C2,4
C033-G03,C033-G03-C1,5
C034-G01,C034-G01-C5,1
C034-G01,C034-G01-C3,2
C034-G01,C034-G01-C2,3
C034-G01,C034-G01-C1,4
C034-G01,C034-G01-C4,5
C035-G01,C035-G01-C4,1
C035-G01,C035-G01-C1,2
C035-G01,C035-G01-C2,3
C035-G01,C035-G01-C3,4
C035-G01,C035-G01-C5,5
C035-G01,C035-G01-C6,6
C036-G01,C036-G01-C2,1
C036-G01,C036-G01-C5,2
C036-G01,C036-G01-C3,3
C036-G01,C036-G01-C1,4
C036-G01,C036-G01-C4,5
C037-G01,C037-G01-C3,1
C037-G01,C037-G01-C4,2
C037-G01,C037-G01-C2,3
C037-G01,C037-G01-C5,4
C037-G01,C037-G01-C1,5
C038-G01,C038-G01-C3,1
C038-G01,C038-G01-C1,2
C038-G01,C038-G01-C2,3
C038-G01,C038-G01-C4,4
C039-G01,C039-G01-C1,1
C039-G01,C039-G01-C4,2
C039-G01,C039-G01-C3,3
C039-G01,C039-G01-C2,4
C040-G01,C040-G01-C5,1
C040-G01,C040-G01-C1,2
C040-G01,C040-G01-C3,3
C040-G01,C040-G01-C4,4
C040-G01,C040-G01-C2,5
C041-G01,C041-G01-C1,1
C041-G01,C041-G01-C3,2
C041-G01,C041-G01-C4,3
C041-G01,C041-G01-C5,4
C041-G01,C041-G01-C2,5
C041-G02,C041-G02-C3,1
C041-G02,C041-G02-C4,2
C041-G02,C041-G02-C2,3
C041-G02,C041-G02-C5,4
C041-G02,C041-G02-C1,5
C041-G03,C041-G03-C5,1
C041-G03,C041-G03-C4,2
C041-G03,C041-G03-C2,3
C041-G03,C041-G03-C1,4
C041-G03,C041-G03-C3,5
C042-G01,C042-G01-C2,1
C042-G01,C042-G01-C3,2
C042-G01,C042-G01-C4,3
C042-G01,C042-G01-C5,4
C042-G01,C042-G01-C1,5
C042-G02,C042-G02-C4,1
C042-G02,C042-G02-C3,2
C042-G02,C042-G02-C1,3
C042-G02,C042-G02-C2,4
C042-G02,C042-G02-C5,5
C042-G03,C042-G03-C2,1
C042-G03,C042-G03-C4,2
C042-G03,C042-G03-C5,3
C042-G03,C042-G03-C3,4
C042-G03,C042-G03-C1,5
C043-G01,C043-G01-C1,1
C043-G01,C043-G01-C5,2
C043-G01,C043-G01-C3,3
C043-G01,C043-G01-C2,4
C043-G01,C043-G01-C4,5
C044-G01,C044-G01-C2,1
C044-G01,C044-G01-C4,2
C044-G01,C044-G01-C1,3
C044-G01,C044-G01-C5,4
C044-G01,C044-G01-C3,5
C045-G01,C045-G01-C2,1
C045-G01,C045-G01-C3,2
C045-G01,C045-G01-C1,3
C045-G01,C045-G01-C5,4
C045-G01,C045-G01-C4,5
C045-G02,C045-G02-C5,1
C045-G02,C045-G02-C2,2
C045-G02,C045-G02-C1,3
C045-G02,C045-G02-C3,4
C045-G02,C045-G02-C4,5
C045-G02,C045-G02-C6,6
C045-G03,C045-G03-C3,1
C045-G03,C045-G03-C6,2
C045-G03,C045-G03-C1,3
C045-G03,C045-G03-C4,4
C045-G03,C045-G03-C2,5
C045-G03,C045-G03-C5,6
C046-G01,C046-G01-C5,1
C046-G01,C046-G01-C6,2
C046-G01,C046-G01-C1,3
C046-G01,C046-G01-C2,4
C046-G01,C046-G01-C3,5
C046-G01,C046-G01-C4,6
C046-G02,C046-G02-C3,1
C046-G02,C046-G02-C1,2
C046-G02,C046-G02-C5,3
C046-G02,C046-G02-C2,4
C046-G02,C046-G02-C4,5
C046-G03,C046-G03-C2,1
C046-G03,C046-G03-C3,2
C046-G03,C046-G03-C1,3
C046-G03,C046-G03-C4,4
C046-G03,C046-G03-C5,5
C047-G01,C047-G01-C2,1
C047-G01,C047-G01-C1,2
C047-G01,C047-G01-C3,3
C047-G01,C047-G01-C4,4
C047-G02,C047-G02-C2,1
C047-G02,C047-G02-C4,2
C047-G02,C047-G02-C3,3
C047-G02,C047-G02-C1,4
C047-G03,C047-G03-C4,1
C047-G03,C047-G03-C2,2
C047-G03,C047-G03-C1,3
C047-G03,C047-G03-C3,4
C047-G03,C047-G03-C5,5
C047-G04,C047-G04-C3,1
C047-G04,C047-G04-C2,2
C047-G04,C047-G04-C4,3
C047-G04,C047-G04-C1,4
C047-G04,C047-G04-C5,5
C048-G01,C048-G01-C5,1
C048-G01,C048-G01-C2,2
C048-G01,C048-G01-C3,3
C048-G01,C048-G01-C1,4
C048-G01,C048-G01-C4,5
C048-G02,C048-G02-C6,1
C048-G02,C048-G02-C2,2
C048-G02,C048-G02-C4,3
C048-G02,C048-G02-C5,4
C048-G02,C048-G02-C1,5
C048-G02,C048-G02-C3,6
C048-G03,C048-G03-C4,1
C048-G03,C048-G03-C3,2
C048-G03,C048-G03-C1,3
C048-G03,C048-G03-C2,4
C048-G03,C048-G03-C5,5
C048-G03,C048-G03-C6,6
C049-G01,C049-G01-C1,1
C049-G01,C049-G01-C2,2
C049-G01,C049-G01-C4,3
C049-G01,C049-G01-C3,4
C049-G01,C049-G01-C5,5
C050-G01,C050-G01-C2,1
C050-G01,C050-G01-C1,2
C050-G01,C050-G01-C5,3
C050-G01,C050-G01-C4,4
C050-G01,C050-G01-C3,5
C051-G01,C051-G01-C6,1
C051-G01,C051-G01-C4,2
C051-G01,C051-G01-C5,3
C051-G01,C051-G01-C3,4
C051-G01,C051-G01-C2,5
C051-G01,C051-G01-C1,6
C052-G01,C052-G01-C3,1
C052-G01,C052-G01-C4,2
C052-G01,C052-G01-C1,3
C052-G01,C052-G01-C5,4
C052-G01,C052-G01-C2,5
