episode_id,gap_id,candidate_id,bge_before,bge_after,bge_combined
C001,C001-G01,C001-G01-C1,0.3690006136894226,0.4855414032936096,0.5003286600112915
C001,C001-G01,C001-G01-C2,0.42842763662338257,0.35990017652511597,0.42638325691223145
C001,C001-G01,C001-G01-C3,0.4431113600730896,0.5681828260421753,0.5499610304832458
C001,C001-G01,C001-G01-C4,0.349672794342041,0.4429931640625,0.4385526478290558
C002,C002-G01,C002-G01-C1,0.3363381624221802,0.39502209424972534,0.35527127981185913
C002,C002-G01,C002-G01-C2,0.32407569885253906,0.359807550907135,0.32400810718536377
C002,C002-G01,C002-G01-C3,0.3470873236656189,0.45902732014656067,0.403933048248291
C002,C002-G01,C002-G01-C4,0.4187149703502655,0.5057944059371948,0.4669901132583618
C003,C003-G01,C003-G01-C1,0.49029648303985596,0.4723823368549347,0.5083610415458679
C003,C003-G01,C003-G01-C2,0.45744383335113525,0.5791271924972534,0.555316150188446
C003,C003-G01,C003-G01-C3,0.4252130091190338,0.5153937935829163,0.49070224165916443
C003,C003-G01,C003-G01-C4,0.38039693236351013,0.4733023941516876,0.44389259815216064
C004,C004-G01,C004-G01-C1,0.5568156242370605,0.48808592557907104,0.5610450506210327
C004,C004-G01,C004-G01-C2,0.4967395067214966,0.47475314140319824,0.5063014030456543
C004,C004-G01,C004-G01-C3,0.6232001781463623,0.4981316030025482,0.5882152915000916
C004,C004-G01,C004-G01-C4,0.448673814535141,0.3730539083480835,0.42985081672668457
C004,C004-G01,C004-G01-C5,0.583886981010437,0.5558794140815735,0.6257845163345337
C005,C005-G01,C005-G01-C1,0.5164713859558105,0.4773453176021576,0.491647332906723
C005,C005-G01,C005-G01-C2,0.5997941493988037,0.5758149027824402,0.5904866456985474
C005,C005-G01,C005-G01-C3,0.4398009181022644,0.41695576906204224,0.4233296811580658
C005,C005-G01,C005-G01-C4,0.36073994636535645,0.3104819059371948,0.31217336654663086
C005,C005-G01,C005-G01-C5,0.5057991743087769,0.5032393932342529,0.4942134618759155
C006,C006-G01,C006-G01-C1,0.3797115087509155,0.4202007055282593,0.3975101709365845
C006,C006-G01,C006-G01-C2,0.4489932060241699,0.48847466707229614,0.43319904804229736
C006,C006-G01,C006-G01-C3,0.4470880329608917,0.5501276254653931,0.47314453125
C006,C006-G01,C006-G01-C4,0.6162683963775635,0.5120071172714233,0.5933863520622253
C006,C006-G01,C006-G01-C5,0.5184998512268066,0.4794849455356598,0.4949232339859009
C007,C007-G01,C007-G01-C1,0.40530693531036377,0.3928520679473877,0.4255371689796448
C007,C007-G01,C007-G01-C2,0.4621502459049225,0.4421859383583069,0.47928547859191895
C007,C007-G01,C007-G01-C3,0.42244189977645874,0.36931052803993225,0.4295364022254944
C007,C007-G01,C007-G01-C4,0.36947357654571533,0.36971697211265564,0.37770727276802063
C007,C007-G01,C007-G01-C5,0.5686817765235901,0.6018933057785034,0.6245410442352295
C008,C008-G01,C008-G01-C1,0.5077906847000122,0.49034684896469116,0.5052614212036133
C008,C008-G01,C008-G01-C2,0.4901624619960785,0.5120819807052612,0.5434618592262268
C008,C008-G01,C008-G01-C3,0.45009568333625793,0.5160313248634338,0.5078322887420654
C008,C008-G01,C008-G01-C4,0.4924364387989044,0.518160879611969,0.5380405783653259
C008,C008-G01,C008-G01-C5,0.4813728630542755,0.43837594985961914,0.4663742482662201
C008,C008-G02,C008-G02-C1,0.49630868434906006,0.5865846872329712,0.5799569487571716
C008,C008-G02,C008-G02-C2,0.4207350015640259,0.47309958934783936,0.4634108543395996
C008,C008-G02,C008-G02-C3,0.43568751215934753,0.543297290802002,0.5186809301376343
C008,C008-G02,C008-G02-C4,0.6021416783332825,0.5567977428436279,0.6018874645233154
C008,C008-G02,C008-G02-C5,0.41414278745651245,0.5205211639404297,0.5093806982040405
C008,C008-G03,C008-G03-C1,0.47101449966430664,0.0,0.47101449966430664
C008,C008-G03,C008-G03-C2,0.4747961163520813,0.0,0.4747961163520813
C008,C008-G03,C008-G03-C3,0.6345047950744629,0.0,0.6345047950744629
C008,C008-G03,C008-G03-C4,0.5503721833229065,0.0,0.5503721833229065
C008,C008-G03,C008-G03-C5,0.5835793614387512,0.0,0.5835793614387512
C009,C009-G01,C009-G01-C1,0.5539662837982178,0.5076687335968018,0.5249159932136536
C009,C009-G01,C009-G01-C2,0.5222303867340088,0.5264071822166443,0.5393631458282471
C009,C009-G01,C009-G01-C3,0.3446258008480072,0.3993830680847168,0.38082951307296753
C009,C009-G01,C009-G01-C4,0.43397843837738037,0.4265196919441223,0.4545974135398865
C010,C010-G01,C010-G01-C1,0.4292335510253906,0.5080611705780029,0.5175139904022217
C010,C010-G01,C010-G01-C2,0.37290021777153015,0.5051645040512085,0.4723232388496399
C010,C010-G01,C010-G01-C3,0.5002719163894653,0.46513205766677856,0.4692123532295227
C010,C010-G01,C010-G01-C4,0.37864434719085693,0.5355331301689148,0.5070328116416931
C010,C010-G02,C010-G02-C1,0.5040029287338257,0.5767687559127808,0.5530089139938354
C010,C010-G02,C010-G02-C2,0.44889378547668457,0.5018665790557861,0.4955559968948364
C010,C010-G02,C010-G02-C3,0.5123504400253296,0.4471376836299896,0.4909438490867615
C010,C010-G02,C010-G02-C4,0.31656119227409363,0.35597026348114014,0.3545343279838562
C010,C010-G03,C010-G03-C1,0.5070290565490723,0.48719680309295654,0.5074065923690796
C010,C010-G03,C010-G03-C2,0.4552226960659027,0.4750864505767822,0.4781256914138794
C010,C010-G03,C010-G03-C3,0.35084226727485657,0.3763871192932129,0.36632847785949707
C010,C010-G03,C010-G03-C4,0.5787903070449829,0.443695604801178,0.5602880120277405
C010,C010-G03,C010-G03-C5,0.4834742248058319,0.3146906793117523,0.48093464970588684
C010,C010-G04,C010-G04-C1,0.5304501056671143,0.0,0.5304501056671143
C010,C010-G04,C010-G04-C2,0.4546205401420593,0.0,0.4546205401420593
C010,C010-G04,C010-G04-C3,0.36442676186561584,0.0,0.36442676186561584
C010,C010-G04,C010-G04-C4,0.36594584584236145,0.0,0.36594584584236145
C010,C010-G04,C010-G04-C5,0.495503306388855,0.0,0.495503306388855
C011,C011-G01,C011-G01-C1,0.3830592930316925,0.4417460560798645,0.42232775688171387
C011,C011-G01,C011-G01-C2,0.6641467809677124,0.5867986083030701,0.6431381702423096
C011,C011-G01,C011-G01-C3,0.5317749977111816,0.6209025382995605,0.6027161478996277
C011,C011-G01,C011-G01-C4,0.5015636086463928,0.3851386308670044,0.445308655500412
C011,C011-G01,C011-G01-C5,0.5381524562835693,0.5303592681884766,0.5627517700195312
C012,C012-G01,C012-G01-C1,0.3905527889728546,0.4383648633956909,0.425818532705307
C012,C012-G01,C012-G01-C2,0.6720957159996033,0.46807610988616943,0.6229979991912842
C012,C012-G01,C012-G01-C3,0.36438751220703125,0.4449549615383148,0.4148114323616028
C012,C012-G01,C012-G01-C4,0.4389442801475525,0.5243041515350342,0.5120525360107422
C013,C013-G01,C013-G01-C1,0.4029083847999573,0.4928326904773712,0.5122255682945251
C013,C013-G01,C013-G01-C2,0.5768517255783081,0.5657987594604492,0.6393958330154419
C013,C013-G01,C013-G01-C3,0.37861740589141846,0.3584722578525543,0.3699760437011719
C013,C013-G01,C013-G01-C4,0.5184649229049683,0.5745717287063599,0.6117936372756958
C013,C013-G01,C013-G01-C5,0.503119945526123,0.5351594686508179,0.5337939262390137
C013,C013-G02,C013-G02-C1,0.4473450183868408,0.4292261004447937,0.44877099990844727
C013,C013-G02,C013-G02-C2,0.4880894422531128,0.3814662992954254,0.44522735476493835
C013,C013-G02,C013-G02-C3,0.5286808013916016,0.4256594181060791,0.4975842833518982
C013,C013-G02,C013-G02-C4,0.5122228264808655,0.4613989293575287,0.5018371939659119
C013,C013-G02,C013-G02-C5,0.455461710691452,0.6006649732589722,0.5589137673377991
C013,C013-G03,C013-G03-C1,0.4292261004447937,0.4303610920906067,0.4598434567451477
C013,C013-G03,C013-G03-C2,0.5141246318817139,0.5893609523773193,0.6176965832710266
C013,C013-G03,C013-G03-C3,0.6006649732589722,0.47435033321380615,0.5784894227981567
C013,C013-G03,C013-G03-C4,0.3970973491668701,0.4421563744544983,0.43854546546936035
C013,C013-G03,C013-G03-C5,0.39589422941207886,0.3832605183124542,0.4072082042694092
C013,C013-G04,C013-G04-C1,0.4621082842350006,0.0,0.4621082842350006
C013,C013-G04,C013-G04-C2,0.44861239194869995,0.0,0.44861239194869995
C013,C013-G04,C013-G04-C3,0.5071030855178833,0.0,0.5071030855178833
C013,C013-G04,C013-G04-C4,0.4978075325489044,0.0,0.4978075325489044
C013,C013-G04,C013-G04-C5,0.6487157344818115,0.0,0.6487157344818115
C014,C014-G01,C014-G01-C1,0.391487717628479,0.3929932117462158,0.3543367385864258
C014,C014-G01,C014-G01-C2,0.6501502990722656,0.5541378855705261,0.6235665678977966
C014,C014-G01,C014-G01-C3,0.3131846487522125,0.411079078912735,0.34193819761276245
C014,C014-G01,C014-G01-C4,0.5110946893692017,0.4857015609741211,0.45121026039123535
C014,C014-G01,C014-G01-C5,0.5281938314437866,0.643478512763977,0.5734173655509949
C015,C015-G01,C015-G01-C1,0.3860882520675659,0.3945002555847168,0.3984350562095642
C015,C015-G01,C015-G01-C2,0.6662774085998535,0.4018646478652954,0.6234197616577148
C015,C015-G01,C015-G01-C3,0.5021442174911499,0.32584819197654724,0.47301873564720154
C015,C015-G01,C015-G01-C4,0.5507952570915222,0.4563062787055969,0.5495865345001221
C015,C015-G01,C015-G01-C5,0.40134677290916443,0.4737676978111267,0.44979327917099
C016,C016-G01,C016-G01-C1,0.4121103286743164,0.5044791102409363,0.5012143850326538
C016,C016-G01,C016-G01-C2,0.4416624903678894,0.43279415369033813,0.4462510049343109
C016,C016-G01,C016-G01-C3,0.4463079869747162,0.4122338891029358,0.43253278732299805
C016,C016-G01,C016-G01-C4,0.4682166874408722,0.4754895567893982,0.5006721019744873
C017,C017-G01,C017-G01-C1,0.3746374547481537,0.3849183917045593,0.3936021029949188
C017,C017-G01,C017-G01-C2,0.34363073110580444,0.40931811928749084,0.38103967905044556
C017,C017-G01,C017-G01-C3,0.4754546880722046,0.45455628633499146,0.48587948083877563
C017,C017-G01,C017-G01-C4,0.46469298005104065,0.4516045153141022,0.4825611710548401
C017,C017-G01,C017-G01-C5,0.4933953881263733,0.4651644825935364,0.4949975609779358
C017,C017-G01,C017-G01-C6,0.35932615399360657,0.3471360504627228,0.3560749292373657
C018,C018-G01,C018-G01-C1,0.4910154342651367,0.5430194139480591,0.5267816185951233
C018,C018-G01,C018-G01-C2,0.4864345192909241,0.5158568620681763,0.5314663648605347
C018,C018-G01,C018-G01-C3,0.4422608017921448,0.47606220841407776,0.49613478779792786
C018,C018-G01,C018-G01-C4,0.5678309202194214,0.49622538685798645,0.5582866072654724
C018,C018-G01,C018-G01-C5,0.5515059232711792,0.5029975175857544,0.5469730496406555
C019,C019-G01,C019-G01-C1,0.5262665748596191,0.5678853392601013,0.5674511790275574
C019,C019-G01,C019-G01-C2,0.459692120552063,0.46149593591690063,0.48286938667297363
C019,C019-G01,C019-G01-C3,0.3711577355861664,0.3661441504955292,0.38768088817596436
C019,C019-G01,C019-G01-C4,0.32799556851387024,0.4072260856628418,0.3985535502433777
C019,C019-G01,C019-G01-C5,0.434688538312912,0.5001543164253235,0.4751697778701782
C019,C019-G02,C019-G02-C1,0.41355419158935547,0.38997554779052734,0.42435792088508606
C019,C019-G02,C019-G02-C2,0.5182576775550842,0.4767679274082184,0.5294561386108398
C019,C019-G02,C019-G02-C3,0.4995233416557312,0.49083763360977173,0.536164402961731
C019,C019-G02,C019-G02-C4,0.44563448429107666,0.4400472044944763,0.4644697606563568
C019,C019-G02,C019-G02-C5,0.33484193682670593,0.4935694634914398,0.3701445758342743
C019,C019-G03,C019-G03-C1,0.438936322927475,0.0,0.438936322927475
C019,C019-G03,C019-G03-C2,0.36680999398231506,0.0,0.36680999398231506
C019,C019-G03,C019-G03-C3,0.4432487189769745,0.0,0.4432487189769745
C019,C019-G03,C019-G03-C4,0.38346201181411743,0.0,0.38346201181411743
C019,C019-G03,C019-G03-C5,0.5437750816345215,0.0,0.5437750816345215
C020,C020-G01,C020-G01-C1,0.3215758204460144,0.532415509223938,0.49144741892814636
C020,C020-G01,C020-G01-C2,0.39033228158950806,0.5324073433876038,0.5353566408157349
C020,C020-G01,C020-G01-C3,0.3651339113712311,0.530550479888916,0.5040974617004395
C020,C020-G01,C020-G01-C4,0.4027538299560547,0.486212819814682,0.4741875231266022
C020,C020-G01,C020-G01-C5,0.41154128313064575,0.5095449686050415,0.5047768950462341
C021,C021-G01,C021-G01-C1,0.514126718044281,0.4816487431526184,0.5035607814788818
C021,C021-G01,C021-G01-C2,0.5727667808532715,0.5000753998756409,0.5451852083206177
C021,C021-G01,C021-G01-C3,0.4376565217971802,0.5992809534072876,0.5376094579696655
C021,C021-G01,C021-G01-C4,0.3788765072822571,0.39995741844177246,0.3771868944168091
C021,C021-G01,C021-G01-C5,0.47708046436309814,0.5279262065887451,0.5174081325531006
C021,C021-G02,C021-G02-C1,0.42465585470199585,0.38106435537338257,0.39576196670532227
C021,C021-G02,C021-G02-C2,0.39995741844177246,0.4846527874469757,0.4111698865890503
C021,C021-G02,C021-G02-C3,0.5000753998756409,0.6542127132415771,0.562606930732727
C021,C021-G02,C021-G02-C4,0.5279262065887451,0.5343855619430542,0.53095942735672
C021,C021-G02,C021-G02-C5,0.5992809534072876,0.42135101556777954,0.5745320320129395
C021,C021-G03,C021-G03-C1,0.46452629566192627,0.0,0.46452629566192627
C021,C021-G03,C021-G03-C2,0.37293756008148193,0.0,0.37293756008148193
C021,C021-G03,C021-G03-C3,0.4742872714996338,0.0,0.4742872714996338
C021,C021-G03,C021-G03-C4,0.4252287447452545,0.0,0.4252287447452545
C021,C021-G03,C021-G03-C5,0.6249504685401917,0.0,0.6249504685401917
C022,C022-G01,C022-G01-C1,0.40268468856811523,0.5260657668113708,0.4850503206253052
C022,C022-G01,C022-G01-C2,0.457836389541626,0.6590795516967773,0.620354175567627
C022,C022-G01,C022-G01-C3,0.4578739404678345,0.4876015782356262,0.5214271545410156
C022,C022-G01,C022-G01-C4,0.3818982243537903,0.4783182740211487,0.48103129863739014
C022,C022-G01,C022-G01-C5,0.5009672045707703,0.512540340423584,0.548901379108429
C022,C022-G02,C022-G02-C1,0.5084479451179504,0.5119353532791138,0.5259356498718262
C022,C022-G02,C022-G02-C2,0.6168715953826904,0.5785654187202454,0.6333099603652954
C022,C022-G02,C022-G02-C3,0.551258385181427,0.5787607431411743,0.6002756357192993
C022,C022-G02,C022-G02-C4,0.5382729768753052,0.4376022219657898,0.5233169794082642
C022,C022-G02,C022-G02-C5,0.49022766947746277,0.5146260261535645,0.5449615716934204
C022,C022-G02,C022-G02-C6,0.4684252142906189,0.5220279097557068,0.5319477319717407
C022,C022-G03,C022-G03-C1,0.5787607431411743,0.32010418176651,0.5634080171585083
C022,C022-G03,C022-G03-C2,0.5119353532791138,0.33362066745758057,0.49854883551597595
C022,C022-G03,C022-G03-C3,0.5785654187202454,0.4519363343715668,0.563511848449707
C022,C022-G03,C022-G03-C4,0.47963225841522217,0.37461790442466736,0.4812765121459961
C022,C022-G03,C022-G03-C5,0.5198966860771179,0.5160160660743713,0.5264024138450623
C023,C023-G01,C023-G01-C1,0.42612385749816895,0.5113047957420349,0.46845656633377075
C023,C023-G01,C023-G01-C2,0.4694453775882721,0.4269459843635559,0.4565717875957489
C023,C023-G01,C023-G01-C3,0.6379362344741821,0.6561095714569092,0.6192564964294434
C023,C023-G01,C023-G01-C4,0.3940856456756592,0.43207719922065735,0.4125713109970093
C023,C023-G01,C023-G01-C5,0.4170229434967041,0.46642863750457764,0.4463074803352356
C024,C024-G01,C024-G01-C1,0.4167916774749756,0.6417161226272583,0.594231128692627
C024,C024-G01,C024-G01-C2,0.34451448917388916,0.429939866065979,0.39184027910232544
C024,C024-G01,C024-G01-C3,0.31365594267845154,0.47206106781959534,0.4388163089752197
C024,C024-G01,C024-G01-C4,0.32704901695251465,0.36196696758270264,0.3387961983680725
C024,C024-G01,C024-G01-C5,0.29375553131103516,0.407098650932312,0.37074393033981323
C024,C024-G02,C024-G02-C1,0.407098650932312,0.4397020936012268,0.42022955417633057
C024,C024-G02,C024-G02-C2,0.47206106781959534,0.4641951322555542,0.4714857041835785
C024,C024-G02,C024-G02-C3,0.4700358808040619,0.5048598051071167,0.4809572696685791
C024,C024-G02,C024-G02-C4,0.429939866065979,0.5035009980201721,0.4797102212905884
C024,C024-G02,C024-G02-C5,0.6417161226272583,0.5504723787307739,0.6387038826942444
C024,C024-G03,C024-G03-C1,0.43588942289352417,0.0,0.43588942289352417
C024,C024-G03,C024-G03-C2,0.3538092374801636,0.0,0.3538092374801636
C024,C024-G03,C024-G03-C3,0.6823714971542358,0.0,0.6823714971542358
C024,C024-G03,C024-G03-C4,0.43880945444107056,0.0,0.43880945444107056
C024,C024-G03,C024-G03-C5,0.4540104568004608,0.0,0.4540104568004608
C025,C025-G01,C025-G01-C1,0.35527563095092773,0.3919714093208313,0.36955344676971436
C025,C025-G01,C025-G01-C2,0.48785436153411865,0.5171550512313843,0.5439038276672363
C025,C025-G01,C025-G01-C3,0.5259453058242798,0.6060501337051392,0.6029394865036011
C025,C025-G01,C025-G01-C4,0.46773576736450195,0.5344268679618835,0.5358792543411255
C025,C025-G01,C025-G01-C5,0.3940305709838867,0.4174982011318207,0.41758638620376587
C025,C025-G02,C025-G02-C1,0.6216654181480408,0.5214043855667114,0.6157010793685913
C025,C025-G02,C025-G02-C2,0.4514888823032379,0.482756644487381,0.4649012088775635
C025,C025-G02,C025-G02-C3,0.4953932762145996,0.6489150524139404,0.592399001121521
C025,C025-G02,C025-G02-C4,0.5240709781646729,0.5437659025192261,0.5444217920303345
C025,C025-G03,C025-G03-C1,0.5437659025192261,0.0,0.5437659025192261
C025,C025-G03,C025-G03-C2,0.4975149929523468,0.0,0.4975149929523468
C025,C025-G03,C025-G03-C3,0.6489150524139404,0.0,0.6489150524139404
C025,C025-G03,C025-G03-C4,0.5214043855667114,0.0,0.5214043855667114
C026,C026-G01,C026-G01-C1,0.5661953091621399,0.5101757049560547,0.5751634240150452
C026,C026-G01,C026-G01-C2,0.4820672869682312,0.36649543046951294,0.4466243386268616
C026,C026-G01,C026-G01-C3,0.44469332695007324,0.3550870418548584,0.4280828535556793
C026,C026-G01,C026-G01-C4,0.447298526763916,0.3479723632335663,0.4347735047340393
C026,C026-G01,C026-G01-C5,0.37404578924179077,0.4410293698310852,0.42771387100219727
C027,C027-G01,C027-G01-C1,0.4634333550930023,0.4844331741333008,0.4769423007965088
C027,C027-G01,C027-G01-C2,0.7045007348060608,0.4904428720474243,0.623674750328064
C027,C027-G01,C027-G01-C3,0.4461010694503784,0.469967782497406,0.4470108151435852
C027,C027-G01,C027-G01-C4,0.5550180673599243,0.606712818145752,0.5799432992935181
C027,C027-G01,C027-G01-C5,0.41484612226486206,0.4315253794193268,0.4273384213447571
C028,C028-G01,C028-G01-C1,0.49508965015411377,0.6280614733695984,0.6145428419113159
C028,C028-G01,C028-G01-C2,0.5047857761383057,0.543912410736084,0.5648517608642578
C028,C028-G01,C028-G01-C3,0.4322357773780823,0.377560019493103,0.39179500937461853
C028,C028-G01,C028-G01-C4,0.4532397389411926,0.6042520403862,0.5843275785446167
C028,C028-G01,C028-G01-C5,0.44567936658859253,0.42503905296325684,0.4401552677154541
C029,C029-G01,C029-G01-C1,0.4431834816932678,0.5249847173690796,0.4705234169960022
C029,C029-G01,C029-G01-C2,0.38153254985809326,0.40735992789268494,0.42019516229629517
C029,C029-G01,C029-G01-C3,0.5257641673088074,0.5811619162559509,0.5696828961372375
C029,C029-G01,C029-G01-C4,0.5284940600395203,0.5820700526237488,0.5729470252990723
C030,C030-G01,C030-G01-C1,0.44994327425956726,0.2877139449119568,0.4435847997665405
C030,C030-G01,C030-G01-C2,0.3689907193183899,0.41503530740737915,0.4112868010997772
C030,C030-G01,C030-G01-C3,0.47342056035995483,0.47167038917541504,0.5048804879188538
C030,C030-G01,C030-G01-C4,0.3615758717060089,0.2801632881164551,0.38449886441230774
C030,C030-G01,C030-G01-C5,0.46560001373291016,0.7947977781295776,0.6184893846511841
C031,C031-G01,C031-G01-C1,0.44777607917785645,0.6399809122085571,0.5855253338813782
C031,C031-G01,C031-G01-C2,0.3384733200073242,0.4990193247795105,0.4439316391944885
C031,C031-G01,C031-G01-C3,0.3399774432182312,0.5270684361457825,0.49305450916290283
C031,C031-G01,C031-G01-C4,0.34192246198654175,0.5589733719825745,0.5204007625579834
C031,C031-G01,C031-G01-C5,0.3080349564552307,0.5028242468833923,0.4418014585971832
C031,C031-G02,C031-G02-C1,0.6517728567123413,0.4438014328479767,0.6463537812232971
C031,C031-G02,C031-G02-C2,0.5379986763000488,0.45438817143440247,0.5561895966529846
C031,C031-G02,C031-G02-C3,0.48074090480804443,0.40389758348464966,0.49992629885673523
C031,C031-G02,C031-G02-C4,0.5624839067459106,0.4609699845314026,0.540408730506897
C031,C031-G02,C031-G02-C5,0.4457411766052246,0.35100728273391724,0.4602118134498596
C031,C031-G03,C031-G03-C1,0.5142727494239807,0.0,0.5142727494239807
C031,C031-G03,C031-G03-C2,0.5825372934341431,0.0,0.5825372934341431
C031,C031-G03,C031-G03-C3,0.3836592733860016,0.0,0.3836592733860016
C031,C031-G03,C031-G03-C4,0.4767274558544159,0.0,0.4767274558544159
C031,C031-G03,C031-G03-C5,0.6570577025413513,0.0,0.6570577025413513
C031,C031-G04,C031-G04-C1,0.4471127688884735,0.0,0.4471127688884735
C031,C031-G04,C031-G04-C2,0.43230438232421875,0.0,0.43230438232421875
C031,C031-G04,C031-G04-C3,0.2584310472011566,0.0,0.2584310472011566
C031,C031-G04,C031-G04-C4,0.30554407835006714,0.0,0.30554407835006714
C031,C031-G04,C031-G04-C5,0.4256213903427124,0.0,0.4256213903427124
C032,C032-G01,C032-G01-C1,0.4813932776451111,0.47774770855903625,0.4981625974178314
C032,C032-G01,C032-G01-C2,0.3212016224861145,0.4153265357017517,0.4173823595046997
C032,C032-G01,C032-G01-C3,0.4365644156932831,0.3976529836654663,0.40753787755966187
C032,C032-G01,C032-G01-C4,0.4597189724445343,0.6101745367050171,0.5746139287948608
C032,C032-G01,C032-G01-C5,0.4822268486022949,0.6047874093055725,0.5757428407669067
C033,C033-G01,C033-G01-C1,0.5098884105682373,0.5723494291305542,0.5943855047225952
C033,C033-G01,C033-G01-C2,0.34959787130355835,0.4932977557182312,0.4486123323440552
C033,C033-G01,C033-G01-C3,0.4727804660797119,0.6490964889526367,0.6383024454116821
C033,C033-G01,C033-G01-C4,0.3251228928565979,0.47382640838623047,0.4650733768939972
C033,C033-G01,C033-G01-C5,0.4430646300315857,0.6433507204055786,0.5981180667877197
C033,C033-G02,C033-G02-C1,0.6490964889526367,0.5773066282272339,0.6419825553894043
C033,C033-G02,C033-G02-C2,0.6433507204055786,0.6846433281898499,0.6723558306694031
C033,C033-G02,C033-G02-C3,0.5158599615097046,0.439806193113327,0.47172585129737854
C033,C033-G02,C033-G02-C4,0.5723494291305542,0.5434635281562805,0.5658671855926514
C033,C033-G02,C033-G02-C5,0.4932977557182312,0.43996214866638184,0.4753873646259308
C033,C033-G03,C033-G03-C1,0.4014401435852051,0.4558151960372925,0.4347161650657654
C033,C033-G03,C033-G03-C2,0.4607412815093994,0.5054628849029541,0.4878065884113312
C033,C033-G03,C033-G03-C3,0.6983159780502319,0.5984460115432739,0.7259249687194824
C033,C033-G03,C033-G03-C4,0.5933704376220703,0.41342025995254517,0.5785897374153137
C033,C033-G03,C033-G03-C5,0.580620527267456,0.42299458384513855,0.557431697845459
C034,C034-G01,C034-G01-C1,0.4058356285095215,0.362013578414917,0.40968239307403564
C034,C034-G01,C034-G01-C2,0.40070873498916626,0.36631566286087036,0.4145492911338806
C034,C034-G01,C034-G01-C3,0.6422852277755737,0.46223852038383484,0.6028033494949341
C034,C034-G01,C034-G01-C4,0.3862393796443939,0.36106663942337036,0.39931952953338623
C034,C034-G01,C034-G01-C5,0.6701604127883911,0.49001458287239075,0.6063327789306641
C035,C035-G01,C035-G01-C1,0.5136443376541138,0.5121943354606628,0.496951699256897
C035,C035-G01,C035-G01-C2,0.34771859645843506,0.43608298897743225,0.3531920909881592
C035,C035-G01,C035-G01-C3,0.4942339360713959,0.5559762716293335,0.507477879524231
C035,C035-G01,C035-G01-C4,0.6223491430282593,0.5604665875434875,0.5727472305297852
C035,C035-G01,C035-G01-C5,0.4901590049266815,0.5216051936149597,0.4650128483772278
C035,C035-G01,C035-G01-C6,0.33299654722213745,0.3807674050331116,0.32724201679229736
C036,C036-G01,C036-G01-C1,0.403627872467041,0.3538128137588501,0.4110625386238098
C036,C036-G01,C036-G01-C2,0.6517534255981445,0.4792986512184143,0.6407631039619446
C036,C036-G01,C036-G01-C3,0.40925970673561096,0.48653021454811096,0.44046950340270996
C036,C036-G01,C036-G01-C4,0.3280121684074402,0.2981451749801636,0.33135437965393066
C036,C036-G01,C036-G01-C5,0.48558515310287476,0.4762381911277771,0.5080112814903259
C037,C037-G01,C037-G01-C1,0.46977922320365906,0.38029545545578003,0.4406265318393707
C037,C037-G01,C037-G01-C2,0.4540919363498688,0.4763542413711548,0.4512256979942322
C037,C037-G01,C037-G01-C3,0.7821440100669861,0.5578778982162476,0.7212957143783569
C037,C037-G01,C037-G01-C4,0.5731056332588196,0.4299248456954956,0.5188592672348022
C037,C037-G01,C037-G01-C5,0.45909038186073303,0.4266239404678345,0.44930222630500793
C038,C038-G01,C038-G01-C1,0.43146032094955444,0.5056699514389038,0.4623955488204956
C038,C038-G01,C038-G01-C2,0.4259336292743683,0.404147207736969,0.42960333824157715
C038,C038-G01,C038-G01-C3,0.49396079778671265,0.4973995089530945,0.5012425184249878
C038,C038-G01,C038-G01-C4,0.3615591526031494,0.4005705714225769,0.3852584958076477
C039,C039-G01,C039-G01-C1,0.6194431781768799,0.56608647108078,0.591233491897583
C039,C039-G01,C039-G01-C2,0.4548375606536865,0.5171531438827515,0.5063844919204712
C039,C039-G01,C039-G01-C3,0.4594564437866211,0.48007452487945557,0.5122600793838501
C039,C039-G01,C039-G01-C4,0.510094165802002,0.4697517454624176,0.4748555123806
C040,C040-G01,C040-G01-C1,0.6896329522132874,0.5875982642173767,0.6749970316886902
C040,C040-G01,C040-G01-C2,0.44792675971984863,0.39891430735588074,0.4506027102470398
C040,C040-G01,C040-G01-C3,0.5002016425132751,0.541638195514679,0.514557957649231
C040,C040-G01,C040-G01-C4,0.4290778338909149,0.4077448546886444,0.4322985112667084
C040,C040-G01,C040-G01-C5,0.5326947569847107,0.7532196044921875,0.6163015365600586
C041,C041-G01,C041-G01-C1,0.5824506282806396,0.49123531579971313,0.6067980527877808
C041,C041-G01,C041-G01-C2,0.30386078357696533,0.36041322350502014,0.4100658893585205
C041,C041-G01,C041-G01-C3,0.4931461215019226,0.4392632842063904,0.4971999228000641
C041,C041-G01,C041-G01-C4,0.3736569881439209,0.42222630977630615,0.4735594689846039
C041,C041-G01,C041-G01-C5,0.3137507140636444,0.4251994490623474,0.43003249168395996
C041,C041-G02,C041-G02-C1,0.4389929175376892,0.4580956697463989,0.4652208387851715
C041,C041-G02,C041-G02-C2,0.5375641584396362,0.4577283561229706,0.534220814704895
C041,C041-G02,C041-G02-C3,0.48466745018959045,0.6117789149284363,0.556172788143158
C041,C041-G02,C041-G02-C4,0.5276699066162109,0.4747025966644287,0.5195907354354858
C041,C041-G02,C041-G02-C5,0.45376262068748474,0.4645078480243683,0.4561481177806854
C041,C041-G03,C041-G03-C1,0.4858335256576538,0.0,0.4858335256576538
C041,C041-G03,C041-G03-C2,0.5118853449821472,0.0,0.5118853449821472
C041,C041-G03,C041-G03-C3,0.42705583572387695,0.0,0.42705583572387695
C041,C041-G03,C041-G03-C4,0.5319207906723022,0.0,0.5319207906723022
C041,C041-G03,C041-G03-C5,0.5740904808044434,0.0,0.5740904808044434
C042,C042-G01,C042-G01-C1,0.2975943982601166,0.479423463344574,0.4295905828475952
C042,C042-G01,C042-G01-C2,0.5619786381721497,0.5192773342132568,0.5921874046325684
C042,C042-G01,C042-G01-C3,0.48572778701782227,0.5605531334877014,0.5993574857711792
C042,C042-G01,C042-G01-C4,0.5017887353897095,0.517311155796051,0.5536066293716431
C042,C042-G01,C042-G01-C5,0.36090901494026184,0.4798685908317566,0.45623937249183655
C042,C042-G02,C042-G02-C1,0.49033859372138977,0.4978545904159546,0.4783032238483429
C042,C042-G02,C042-G02-C2,0.4914415180683136,0.5013043880462646,0.4980342984199524
C042,C042-G02,C042-G02-C3,0.49765533208847046,0.5430816411972046,0.5228896141052246
C042,C042-G02,C042-G02-C4,0.6451254487037659,0.5916083455085754,0.6235143542289734
C042,C042-G02,C042-G02-C5,0.45003262162208557,0.4779786169528961,0.4607369899749756
C042,C042-G03,C042-G03-C1,0.39466583728790283,0.46192821860313416,0.43608784675598145
C042,C042-G03,C042-G03-C2,0.4978503882884979,0.46872013807296753,0.49341872334480286
C042,C042-G03,C042-G03-C3,0.4793946146965027,0.5214785933494568,0.4911044239997864
C042,C042-G03,C042-G03-C4,0.6191493272781372,0.4867751896381378,0.5657713413238525
C042,C042-G03,C042-G03-C5,0.5467140674591064,0.4689154326915741,0.5264367461204529
C043,C043-G01,C043-G01-C1,0.5373036861419678,0.4847160279750824,0.5091322660446167
C043,C043-G01,C043-G01-C2,0.3786022663116455,0.4052128791809082,0.3750283718109131
C043,C043-G01,C043-G01-C3,0.4553473889827728,0.4467998147010803,0.4430384635925293
C043,C043-G01,C043-G01-C4,0.36701494455337524,0.38401028513908386,0.3830109238624573
C043,C043-G01,C043-G01-C5,0.5205847024917603,0.5004743933677673,0.512486457824707
C044,C044-G01,C044-G01-C1,0.4567161500453949,0.472137451171875,0.4817884564399719
C044,C044-G01,C044-G01-C2,0.44756799936294556,0.4233115315437317,0.44080686569213867
C044,C044-G01,C044-G01-C3,0.3556320369243622,0.36110976338386536,0.34749171137809753
C044,C044-G01,C044-G01-C4,0.46671995520591736,0.448268324136734,0.45030152797698975
C044,C044-G01,C044-G01-C5,0.4422917664051056,0.44508183002471924,0.45164692401885986
C045,C045-G01,C045-G01-C1,0.527776300907135,0.559662938117981,0.5659574270248413
C045,C045-G01,C045-G01-C2,0.5431514978408813,0.546236515045166,0.5853816270828247
C045,C045-G01,C045-G01-C3,0.3898965120315552,0.4927775263786316,0.4732671082019806
C045,C045-G01,C045-G01-C4,0.42188531160354614,0.41125574707984924,0.4301871955394745
C045,C045-G01,C045-G01-C5,0.3988829255104065,0.42426443099975586,0.4484943747520447
C045,C045-G02,C045-G02-C1,0.4771677851676941,0.3804689645767212,0.47770461440086365
C045,C045-G02,C045-G02-C2,0.5101556181907654,0.4454739987850189,0.4939142167568207
C045,C045-G02,C045-G02-C3,0.4884794354438782,0.4071741998195648,0.4939442574977875
C045,C045-G02,C045-G02-C4,0.3715612292289734,0.30592861771583557,0.3627918064594269
C045,C045-G02,C045-G02-C5,0.4782868027687073,0.28280195593833923,0.45306211709976196
C045,C045-G02,C045-G02-C6,0.427646279335022,0.36810845136642456,0.4299111068248749
C045,C045-G03,C045-G03-C1,0.47718071937561035,0.0,0.47718071937561035
C045,C045-G03,C045-G03-C2,0.31271055340766907,0.0,0.31271055340766907
C045,C045-G03,C045-G03-C3,0.5627177953720093,0.0,0.5627177953720093
C045,C045-G03,C045-G03-C4,0.38125813007354736,0.0,0.38125813007354736
C045,C045-G03,C045-G03-C5,0.3660036623477936,0.0,0.3660036623477936
C045,C045-G03,C045-G03-C6,0.48568373918533325,0.0,0.48568373918533325
C046,C046-G01,C046-G01-C1,0.46516042947769165,0.5495736598968506,0.5574252605438232
C046,C046-G01,C046-G01-C2,0.4432597756385803,0.5158629417419434,0.5071111917495728
C046,C046-G01,C046-G01-C3,0.4303324818611145,0.39738863706588745,0.4163099527359009
C046,C046-G01,C046-G01-C4,0.38272637128829956,0.3511847257614136,0.35325831174850464
C046,C046-G01,C046-G01-C5,0.6748698949813843,0.5138462781906128,0.5920189619064331
C046,C046-G01,C046-G01-C6,0.4834807813167572,0.482317179441452,0.5057109594345093
C046,C046-G02,C046-G02-C1,0.5213747024536133,0.5144844651222229,0.524635910987854
C046,C046-G02,C046-G02-C2,0.5916482210159302,0.4623239040374756,0.578825056552887
C046,C046-G02,C046-G02-C3,0.640192449092865,0.5447723865509033,0.6607407927513123
C046,C046-G02,C046-G02-C4,0.412730872631073,0.4057701528072357,0.41334453225135803
C046,C046-G02,C046-G02-C5,0.4815720319747925,0.4648973345756531,0.4836326241493225
C046,C046-G03,C046-G03-C1,0.4951917827129364,0.0,0.4951917827129364
C046,C046-G03,C046-G03-C2,0.6796882152557373,0.0,0.6796882152557373
C046,C046-G03,C046-G03-C3,0.5614428520202637,0.0,0.5614428520202637
C046,C046-G03,C046-G03-C4,0.5023722648620605,0.0,0.5023722648620605
C046,C046-G03,C046-G03-C5,0.44515740871429443,0.0,0.44515740871429443
C047,C047-G01,C047-G01-C1,0.3928278088569641,0.4984229803085327,0.4698393940925598
C047,C047-G01,C047-G01-C2,0.5119112730026245,0.3855799436569214,0.49967482686042786
C047,C047-G01,C047-G01-C3,0.3129931390285492,0.36204850673675537,0.35989242792129517
C047,C047-G01,C047-G01-C4,0.3823677599430084,0.3882223963737488,0.4236178994178772
C047,C047-G02,C047-G02-C1,0.44625306129455566,0.4014414846897125,0.4454115033149719
C047,C047-G02,C047-G02-C2,0.4653899669647217,0.5134380459785461,0.5041523575782776
C047,C047-G02,C047-G02-C3,0.3773043155670166,0.46766334772109985,0.44558286666870117
C047,C047-G02,C047-G02-C4,0.46672195196151733,0.4353410601615906,0.4767151474952698
C047,C047-G03,C047-G03-C1,0.5271914005279541,0.5008519887924194,0.5056401491165161
C047,C047-G03,C047-G03-C2,0.4121862053871155,0.5815168619155884,0.478509783744812
C047,C047-G03,C047-G03-C3,0.43050527572631836,0.44991740584373474,0.4200202524662018
C047,C047-G03,C047-G03-C4,0.5140892267227173,0.5299611687660217,0.527916431427002
C047,C047-G03,C047-G03-C5,0.37307435274124146,0.4210399389266968,0.3716111183166504
C047,C047-G04,C047-G04-C1,0.5008519887924194,0.0,0.5008519887924194
C047,C047-G04,C047-G04-C2,0.5131000280380249,0.0,0.5131000280380249
C047,C047-G04,C047-G04-C3,0.5815168619155884,0.0,0.5815168619155884
C047,C047-G04,C047-G04-C4,0.5604757070541382,0.0,0.5604757070541382
C047,C047-G04,C047-G04-C5,0.47916167974472046,0.0,0.47916167974472046
C048,C048-G01,C048-G01-C1,0.3140885829925537,0.5031874179840088,0.4779517650604248
C048,C048-G01,C048-G01-C2,0.36235976219177246,0.5700583457946777,0.5207204818725586
C048,C048-G01,C048-G01-C3,0.36850491166114807,0.47407713532447815,0.4636436402797699
C048,C048-G01,C048-G01-C4,0.3477404713630676,0.4869453012943268,0.4537755250930786
C048,C048-G01,C048-G01-C5,0.45846807956695557,0.7334360480308533,0.7301821112632751
C048,C048-G02,C048-G02-C1,0.44429320096969604,0.42333322763442993,0.4849870204925537
C048,C048-G02,C048-G02-C2,0.46553319692611694,0.4838397204875946,0.48054397106170654
C048,C048-G02,C048-G02-C3,0.4196605980396271,0.3588343858718872,0.41448062658309937
C048,C048-G02,C048-G02-C4,0.5459737181663513,0.38047879934310913,0.49728721380233765
C048,C048-G02,C048-G02-C5,0.4681856334209442,0.49311143159866333,0.5134469270706177
C048,C048-G02,C048-G02-C6,0.6408283710479736,0.6155378818511963,0.6874617338180542
C048,C048-G03,C048-G03-C1,0.49584242701530457,0.0,0.49584242701530457
C048,C048-G03,C048-G03-C2,0.44254398345947266,0.0,0.44254398345947266
C048,C048-G03,C048-G03-C3,0.3544386029243469,0.0,0.3544386029243469
C048,C048-G03,C048-G03-C4,0.5250427722930908,0.0,0.5250427722930908
C048,C048-G03,C048-G03-C5,0.46588122844696045,0.0,0.46588122844696045
C048,C048-G03,C048-G03-C6,0.4629518985748291,0.0,0.4629518985748291
C049,C049-G01,C049-G01-C1,0.559454083442688,0.5437988042831421,0.5863908529281616
C049,C049-G01,C049-G01-C2,0.5766267776489258,0.5032910108566284,0.5800634622573853
C049,C049-G01,C049-G01-C3,0.4405170679092407,0.3920605182647705,0.472614049911499
C049,C049-G01,C049-G01-C4,0.4235576391220093,0.5415162444114685,0.49215638637542725
C049,C049-G01,C049-G01-C5,0.36174413561820984,0.41559547185897827,0.386246919631958
C050,C050-G01,C050-G01-C1,0.4973970651626587,0.4753570556640625,0.4972521960735321
C050,C050-G01,C050-G01-C2,0.597672700881958,0.5282552242279053,0.6080624461174011
C050,C050-G01,C050-G01-C3,0.4465358853340149,0.4419180750846863,0.46497660875320435
C050,C050-G01,C050-G01-C4,0.4796221852302551,0.4544702470302582,0.5018332004547119
C050,C050-G01,C050-G01-C5,0.4168436825275421,0.46717697381973267,0.4595969021320343
C051,C051-G01,C051-G01-C1,0.29949334263801575,0.37983521819114685,0.37174656987190247
C051,C051-G01,C051-G01-C2,0.29191654920578003,0.4089391231536865,0.3599618077278137
C051,C051-G01,C051-G01-C3,0.4113333523273468,0.4077582359313965,0.43355488777160645
C051,C051-G01,C051-G01-C4,0.5083503723144531,0.3916260600090027,0.5045402646064758
C051,C051-G01,C051-G01-C5,0.3354876935482025,0.4966282248497009,0.4811461567878723
C051,C051-G01,C051-G01-C6,0.46280938386917114,0.5458507537841797,0.5614612102508545
C052,C052-G01,C052-G01-C1,0.5319972634315491,0.5031682848930359,0.5229715704917908
C052,C052-G01,C052-G01-C2,0.41250327229499817,0.40969327092170715,0.41195499897003174
C052,C052-G01,C052-G01-C3,0.6790176630020142,0.5157244801521301,0.6351330280303955
C052,C052-G01,C052-G01-C4,0.6050218939781189,0.7084395885467529,0.6637492775917053
C052,C052-G01,C052-G01-C5,0.4601607024669647,0.49032607674598694,0.48618847131729126
