episode_id,gap_id,candidate_id,bm25_before,bm25_after,bm25_combined
C001,C001-G01,C001-G01-C1,0.0,0.49453556043591484,1.8915991288784821
C001,C001-G01,C001-G01-C2,0.0,0.3296903736239432,0.860565426289886
C001,C001-G01,C001-G01-C3,0.0,0.5056541607582361,1.1280394035431482
C001,C001-G01,C001-G01-C4,0.0,0.6983816044606994,1.4250891162696093
C002,C002-G01,C002-G01-C1,0.0,0.7214387283381439,1.719476268318666
C002,C002-G01,C002-G01-C2,0.0,0.6045808428513288,0.6932240047204645
C002,C002-G01,C002-G01-C3,0.0,0.17978136228740782,2.433495978051046
C002,C002-G01,C002-G01-C4,0.0,0.7214387283381439,1.719476268318666
C003,C003-G01,C003-G01-C1,0.16996406089975474,0.0,1.374129661943106
C003,C003-G01,C003-G01-C2,0.5232176200298556,0.0,1.683815971624189
C003,C003-G01,C003-G01-C3,0.2735001195610608,0.0,0.7638459752645343
C003,C003-G01,C003-G01-C4,1.1376019465800649,0.0,2.58884928715437
C004,C004-G01,C004-G01-C1,1.5421850996357553,1.046207872764374,1.3458708202146128
C004,C004-G01,C004-G01-C2,0.5749413149900924,1.0859509763976305,2.0274302014397474
C004,C004-G01,C004-G01-C3,2.9717139873070453,1.3257282323914348,6.695887275993428
C004,C004-G01,C004-G01-C4,1.9344875692913257,1.6289264645964456,3.4233540686871353
C004,C004-G01,C004-G01-C5,1.0585632073129239,2.078031093336008,4.195198778763145
C005,C005-G01,C005-G01-C1,3.064953742595944,1.2710116231144317,6.122249600836516
C005,C005-G01,C005-G01-C2,3.064953742595944,1.0486156499595116,6.122249600836516
C005,C005-G01,C005-G01-C3,0.8274116299370776,0.8473410820762879,1.133652008816205
C005,C005-G01,C005-G01-C4,0.8274116299370776,0.8473410820762879,1.133652008816205
C005,C005-G01,C005-G01-C5,0.6466556108227366,1.4836007558061697,1.8939976316211302
C006,C006-G01,C006-G01-C1,0.8340010183934543,0.0,2.4199552937227855
C006,C006-G01,C006-G01-C2,0.41700050919672715,0.0,1.5113692848131248
C006,C006-G01,C006-G01-C3,0.8340010183934543,0.0,1.2504480547109142
C006,C006-G01,C006-G01-C4,0.5887481765438537,0.0,1.321638843510508
C006,C006-G01,C006-G01-C5,0.8340010183934543,0.0,1.321638843510508
C007,C007-G01,C007-G01-C1,0.6520590760685205,0.2727272727272727,1.0540534954267073
C007,C007-G01,C007-G01-C2,0.2492059515090963,0.15384615384615385,1.0540534954267073
C007,C007-G01,C007-G01-C3,0.6520590760685205,0.18181818181818182,0.29610596318155397
C007,C007-G01,C007-G01-C4,0.6282823414565759,0.2,0.5922119263631079
C007,C007-G01,C007-G01-C5,1.16594379579645,0.16666666666666666,0.5922119263631079
C008,C008-G01,C008-G01-C1,0.0,0.17170609202218173,0.34380440962715875
C008,C008-G01,C008-G01-C2,0.0,1.2019426441552723,1.7077781299028412
C008,C008-G01,C008-G01-C3,0.0,0.9929091408239206,2.153984638920572
C008,C008-G01,C008-G01-C4,0.0,0.17170609202218173,1.2634201416297146
C008,C008-G01,C008-G01-C5,0.0,0.0,4.153290359598952
C008,C008-G02,C008-G02-C1,0.9847240940067291,1.48475267807416,2.980042031015419
C008,C008-G02,C008-G02-C2,0.7297508910942725,0.7133724421669696,1.7686574653082083
C008,C008-G02,C008-G02-C3,1.0614558415916688,0.1143482157594594,2.791847734494776
C008,C008-G02,C008-G02-C4,0.7297508910942725,0.1143482157594594,0.0
C008,C008-G02,C008-G02-C5,1.4770861410100937,2.083335401892346,3.5297705665353867
C008,C008-G03,C008-G03-C1,0.0,0.0,0.0
C008,C008-G03,C008-G03-C2,0.0,0.0,0.0
C008,C008-G03,C008-G03-C3,0.0,0.0,0.0
C008,C008-G03,C008-G03-C4,0.0,0.0,0.0
C008,C008-G03,C008-G03-C5,0.0,0.0,0.0
C009,C009-G01,C009-G01-C1,1.208894912785675,0.0,1.9752811458557566
C009,C009-G01,C009-G01-C2,0.6600739946899825,0.0,1.3166772414985284
C009,C009-G01,C009-G01-C3,1.0976418361913851,0.0,1.5720007167480214
C009,C009-G01,C009-G01-C4,1.9110023335130588,0.0,3.319132857225993
C010,C010-G01,C010-G01-C1,0.2222222222222222,0.6801250425308414,1.0572996919285855
C010,C010-G01,C010-G01-C2,0.0,0.4976524701445182,0.8392623696143008
C010,C010-G01,C010-G01-C3,0.26666666666666666,0.09123628619316164,2.674477334088934
C010,C010-G01,C010-G01-C4,0.0,0.9953049402890364,1.6785247392286016
C010,C010-G02,C010-G02-C1,0.7044935019258909,0.45263029953948547,1.2392280846436825
C010,C010-G02,C010-G02-C2,0.5171148585319194,0.0,1.2392280846436825
C010,C010-G02,C010-G02-C3,1.0342297170638388,0.45263029953948547,2.478456169287365
C010,C010-G02,C010-G02-C4,0.12995615590227053,0.0,0.0
C010,C010-G03,C010-G03-C1,0.8177562395721187,0.2,1.3547452180385071
C010,C010-G03,C010-G03-C2,0.19042208384728404,0.18181818181818182,0.37966389826360536
C010,C010-G03,C010-G03-C3,0.591215464985822,0.21428571428571427,1.6557172303988212
C010,C010-G03,C010-G03-C4,0.6667290565145876,0.25,1.2029860181982355
C010,C010-G03,C010-G03-C5,0.5570562177540307,0.2727272727272727,2.0142588869182547
C010,C010-G04,C010-G04-C1,0.0,0.0,0.0
C010,C010-G04,C010-G04-C2,0.0,0.0,0.0
C010,C010-G04,C010-G04-C3,0.0,0.0,0.0
C010,C010-G04,C010-G04-C4,0.0,0.0,0.0
C010,C010-G04,C010-G04-C5,0.0,0.0,0.0
C011,C011-G01,C011-G01-C1,0.0,0.31924851219408434,1.7967293589283742
C011,C011-G01,C011-G01-C2,0.0,0.5873335462362373,1.4546242540754106
C011,C011-G01,C011-G01-C3,0.0,1.518634741539893,3.363780117644545
C011,C011-G01,C011-G01-C4,0.0,0.7535784591847682,1.6756025591900259
C011,C011-G01,C011-G01-C5,0.0,0.4788727682911265,2.4993511170918006
C012,C012-G01,C012-G01-C1,0.0,0.3084959175619,1.9923501872999285
C012,C012-G01,C012-G01-C2,0.0,0.6114678731178796,2.8399999137922465
C012,C012-G01,C012-G01-C3,0.0,0.808190709302841,1.7271968298112657
C012,C012-G01,C012-G01-C4,0.0,0.8758988854171589,0.8407903041194291
C013,C013-G01,C013-G01-C1,0.14656652187687325,0.5144906185083797,1.444149961197963
C013,C013-G01,C013-G01-C2,0.6359088250171914,0.7199064661937956,1.9724080333719847
C013,C013-G01,C013-G01-C3,0.7824753468940646,0.23120517190613435,1.9634063130306556
C013,C013-G01,C013-G01-C4,1.0972199585483673,1.543471855525139,3.6884420558982356
C013,C013-G01,C013-G01-C5,0.9786846062806364,0.9463643294862318,1.708072961926395
C013,C013-G02,C013-G02-C1,0.5592196302280319,0.4949175593580533,1.5692938351839743
C013,C013-G02,C013-G02-C2,0.5021348286546601,0.5814960201242095,1.4319488317805142
C013,C013-G02,C013-G02-C3,0.5021348286546601,1.076413579482263,1.6472495010808963
C013,C013-G02,C013-G02-C4,0.11650408963083994,0.17315692153231238,0.7607480908033488
C013,C013-G02,C013-G02-C5,0.34951226889251985,1.3361489617807314,3.524394457455326
C013,C013-G03,C013-G03-C1,0.4949175593580533,0.07142857142857142,0.8276945679874997
C013,C013-G03,C013-G03-C2,0.17315692153231238,0.14285714285714285,0.9896348095502715
C013,C013-G03,C013-G03-C3,1.3361489617807314,0.08333333333333333,2.1412098606633148
C013,C013-G03,C013-G03-C4,0.1338030757295141,0.1111111111111111,0.8276945679874997
C013,C013-G03,C013-G03-C5,0.5814960201242095,0.18181818181818182,0.8276945679874997
C013,C013-G04,C013-G04-C1,0.0,0.0,0.0
C013,C013-G04,C013-G04-C2,0.0,0.0,0.0
C013,C013-G04,C013-G04-C3,0.0,0.0,0.0
C013,C013-G04,C013-G04-C4,0.0,0.0,0.0
C013,C013-G04,C013-G04-C5,0.0,0.0,0.0
C014,C014-G01,C014-G01-C1,0.8630097494680091,0.1781949850346479,2.2894504305336314
C014,C014-G01,C014-G01-C2,1.5767202748546696,0.6009713220776361,3.4176978660148203
C014,C014-G01,C014-G01-C3,1.0353544684377756,0.05939832834488263,2.667149820795257
C014,C014-G01,C014-G01-C4,0.7578445210136585,0.11879665668976526,2.0101299745072025
C014,C014-G01,C014-G01-C5,1.9948082477664535,1.2019426441552723,4.579296179220226
C015,C015-G01,C015-G01-C1,0.6027267010039183,0.5969530423925995,1.5907600198974503
C015,C015-G01,C015-G01-C2,1.642552245627479,0.9847240940067291,4.341072986905515
C015,C015-G01,C015-G01-C3,1.2054534020078367,0.1509748281270695,2.884561358332217
C015,C015-G01,C015-G01-C4,0.7976203648015925,1.089315089395964,2.88249390986556
C015,C015-G01,C015-G01-C5,0.5052798691050813,0.6695554394403481,1.7765589551702603
C016,C016-G01,C016-G01-C1,1.0050516569615522,0.5045191345836944,2.4856225483492196
C016,C016-G01,C016-G01-C2,0.7748893053667979,0.6160201670670316,2.137990138550887
C016,C016-G01,C016-G01-C3,0.640313843870418,0.0,1.7972091895546474
C016,C016-G01,C016-G01-C4,0.8328341489632042,0.33634608972246294,2.033685462415497
C017,C017-G01,C017-G01-C1,0.34196422141054916,0.19324634523238088,0.8209456493575782
C017,C017-G01,C017-G01-C2,0.8423173380833874,0.6155911074756589,1.347725642763271
C017,C017-G01,C017-G01-C3,0.5003531166728382,0.0,1.2075412163914314
C017,C017-G01,C017-G01-C4,1.1930705613087704,0.17574090365715633,2.877476559136424
C017,C017-G01,C017-G01-C5,1.0662864962105632,0.09662317261619044,2.5834677799362193
C017,C017-G01,C017-G01-C6,0.34196422141054916,0.19324634523238088,0.8209456493575782
C018,C018-G01,C018-G01-C1,0.1981884924355513,0.2557391856587613,0.9234959312372335
C018,C018-G01,C018-G01-C2,0.5610636752803676,0.2060810913560892,0.46174796561861675
C018,C018-G01,C018-G01-C3,0.1981884924355513,1.2135864075092941,3.273137027441974
C018,C018-G01,C018-G01-C4,0.6504050248473051,0.33395068418546986,0.9234959312372335
C018,C018-G01,C018-G01-C5,0.6504050248473051,0.33395068418546986,1.4173996190511935
C019,C019-G01,C019-G01-C1,0.8970701537766046,0.9372947225064051,1.6313867065312693
C019,C019-G01,C019-G01-C2,1.1746670924724747,1.3395776847010248,3.1195060744249634
C019,C019-G01,C019-G01-C3,1.4087629849779062,0.9372947225064051,2.806305463619357
C019,C019-G01,C019-G01-C4,0.21517189295493247,0.46864736125320255,0.511118839045321
C019,C019-G01,C019-G01-C5,0.5873335462362373,0.46864736125320255,1.3885467005972254
C019,C019-G02,C019-G02-C1,0.796708433146349,0.1111111111111111,1.3773243354046805
C019,C019-G02,C019-G02-C2,1.0884608171154349,0.06666666666666667,1.8240241198602525
C019,C019-G02,C019-G02-C3,1.1894520269508875,0.0625,2.010149030050074
C019,C019-G02,C019-G02-C4,0.14926722772382842,0.09090909090909091,0.27509670791792334
C019,C019-G02,C019-G02-C5,0.4030215148543367,0.07692307692307693,0.5501934158358467
C019,C019-G03,C019-G03-C1,0.0,0.0,0.0
C019,C019-G03,C019-G03-C2,0.0,0.0,0.0
C019,C019-G03,C019-G03-C3,0.0,0.0,0.0
C019,C019-G03,C019-G03-C4,0.0,0.0,0.0
C019,C019-G03,C019-G03-C5,0.0,0.0,0.0
C020,C020-G01,C020-G01-C1,0.8863123576864017,1.270352480230604,2.523170254934142
C020,C020-G01,C020-G01-C2,0.811018000258688,0.7478144432878411,1.9274997152419795
C020,C020-G01,C020-G01-C3,1.1309418386135912,0.635176240115302,2.260921301724329
C020,C020-G01,C020-G01-C4,0.4650475095451409,0.7396245594347697,1.9274997152419795
C020,C020-G01,C020-G01-C5,0.0,0.0,0.0
C021,C021-G01,C021-G01-C1,0.673855078159392,0.5713802427855506,1.406160238230594
C021,C021-G01,C021-G01-C2,0.9525169525862082,1.2490850904239137,2.451235681987543
C021,C021-G01,C021-G01-C3,1.4287754288793122,0.6561965803417189,3.2255826929416607
C021,C021-G01,C021-G01-C4,1.347710156318784,1.142760485571101,2.812320476461188
C021,C021-G01,C021-G01-C5,1.5892073519597223,0.6978805277655045,2.953442192883851
C021,C021-G02,C021-G02-C1,0.8445564928725998,0.09090909090909091,1.4613896561604423
C021,C021-G02,C021-G02-C2,1.142760485571101,0.16666666666666666,1.2116395968534706
C021,C021-G02,C021-G02-C3,1.2490850904239137,0.06666666666666667,2.1180373006846156
C021,C021-G02,C021-G02-C4,0.6978805277655045,0.08333333333333333,1.1931423189483525
C021,C021-G02,C021-G02-C5,0.6561965803417189,0.08333333333333333,0.9248949817362629
C021,C021-G03,C021-G03-C1,0.0,0.0,0.0
C021,C021-G03,C021-G03-C2,0.0,0.0,0.0
C021,C021-G03,C021-G03-C3,0.0,0.0,0.0
C021,C021-G03,C021-G03-C4,0.0,0.0,0.0
C021,C021-G03,C021-G03-C5,0.0,0.0,0.0
C022,C022-G01,C022-G01-C1,0.0,0.5583618339539632,0.9159976869050851
C022,C022-G01,C022-G01-C2,0.15384615384615385,0.9630852524505302,1.7606189306747089
C022,C022-G01,C022-G01-C3,0.07692307692307693,1.1600799631790477,1.74457812433667
C022,C022-G01,C022-G01-C4,0.1,0.5583618339539632,0.9159976869050851
C022,C022-G01,C022-G01-C5,0.21428571428571427,0.5583618339539632,1.2560513102984205
C022,C022-G02,C022-G02-C1,0.5108256237659907,0.0,1.2794297636596796
C022,C022-G02,C022-G02-C2,0.8191898722588753,1.1573687564292188,1.597167642756695
C022,C022-G02,C022-G02-C3,0.7385585458019731,0.7313665757240014,1.763395909773632
C022,C022-G02,C022-G02-C4,0.7385585458019731,0.7736232674628932,1.3064834735977682
C022,C022-G02,C022-G02-C5,1.6858401588958083,0.6977130470950118,2.7912701493879704
C022,C022-G02,C022-G02-C6,0.7385585458019731,0.815879959201785,1.8745732350833528
C022,C022-G03,C022-G03-C1,0.7313665757240014,0.14285714285714285,0.4752433803114339
C022,C022-G03,C022-G03-C2,0.0,0.0,0.0
C022,C022-G03,C022-G03-C3,1.1573687564292188,0.15384615384615385,1.02129565033328
C022,C022-G03,C022-G03-C4,0.6718351357899652,0.09090909090909091,1.0921751934958082
C022,C022-G03,C022-G03-C5,0.3476210867576758,0.2222222222222222,1.096406259959425
C023,C023-G01,C023-G01-C1,2.5253870824255524,0.0,4.1073947819298295
C023,C023-G01,C023-G01-C2,0.1335268051399037,0.0,1.6758731598616758
C023,C023-G01,C023-G01-C3,0.5700200093526077,0.0,1.6673575778399625
C023,C023-G01,C023-G01-C4,0.2670536102798074,0.0,0.7523137257118447
C023,C023-G01,C023-G01-C5,0.2670536102798074,0.0,1.2835676607037403
C024,C024-G01,C024-G01-C1,0.07692307692307693,2.2240151701599586,3.7525927358648334
C024,C024-G01,C024-G01-C2,0.0,0.11196072894292745,0.0
C024,C024-G01,C024-G01-C3,0.07142857142857142,0.8008769657835852,1.3850373258074475
C024,C024-G01,C024-G01-C4,0.1,0.9641257479459824,1.6829634203682737
C024,C024-G01,C024-G01-C5,0.07142857142857142,0.7839174625491068,1.1355673060831286
C024,C024-G02,C024-G02-C1,0.7839174625491068,0.613779340819083,1.7580738166194194
C024,C024-G02,C024-G02-C2,0.8008769657835852,0.8772660480520129,2.1656350236641195
C024,C024-G02,C024-G02-C3,1.5458763763310024,1.0910777203543096,3.143779672052043
C024,C024-G02,C024-G02-C4,0.11196072894292745,1.3976987751251866,2.355881762595558
C024,C024-G02,C024-G02-C5,2.2240151701599586,0.375524938650776,5.806844512110208
C024,C024-G03,C024-G03-C1,0.09588464048019746,0.0,0.09588464048019746
C024,C024-G03,C024-G03-C2,1.2071383616372116,0.0,1.2071383616372116
C024,C024-G03,C024-G03-C3,0.6035691808186058,0.0,0.6035691808186058
C024,C024-G03,C024-G03-C4,0.6811115841007132,0.0,0.6811115841007132
C024,C024-G03,C024-G03-C5,0.09588464048019746,0.0,0.09588464048019746
C025,C025-G01,C025-G01-C1,0.0,1.1712882885612128,2.521951040179734
C025,C025-G01,C025-G01-C2,0.0,0.0,1.8190091751759963
C025,C025-G01,C025-G01-C3,0.0,0.6550602786449354,1.4304571896671412
C025,C025-G01,C025-G01-C4,0.0,1.548684029748832,2.5172797719663476
C025,C025-G01,C025-G01-C5,0.0,0.0,1.1280394035431482
C025,C025-G02,C025-G02-C1,0.5607529378667194,0.0,1.248151347925834
C025,C025-G02,C025-G02-C2,0.4986951999826295,0.0,0.697073956346736
C025,C025-G02,C025-G02-C3,1.1631106510364098,0.0,2.5503499558366833
C025,C025-G02,C025-G02-C4,1.9573451604781718,0.0,2.905002995755831
C025,C025-G03,C025-G03-C1,0.0,0.0,0.0
C025,C025-G03,C025-G03-C2,0.0,0.0,0.0
C025,C025-G03,C025-G03-C3,0.0,0.0,0.0
C025,C025-G03,C025-G03-C4,0.0,0.0,0.0
C026,C026-G01,C026-G01-C1,0.7878204445129785,0.0,1.9327443573613443
C026,C026-G01,C026-G01-C2,1.086863029289342,0.0,2.2123084989197634
C026,C026-G01,C026-G01-C3,0.6181542945651534,0.0,1.3184381992147316
C026,C026-G01,C026-G01-C4,1.086863029289342,0.0,2.2123084989197634
C026,C026-G01,C026-G01-C5,1.086863029289342,0.0,2.2123084989197634
C027,C027-G01,C027-G01-C1,1.2206238235868467,0.7781944058152354,2.5863753296773058
C027,C027-G01,C027-G01-C2,1.6634903210653058,0.3528283764246303,4.828531416088005
C027,C027-G01,C027-G01-C3,0.8805624818621477,1.4387793528222608,2.9134904633909064
C027,C027-G01,C027-G01-C4,0.47518662675906115,0.5429754881988152,1.3657235912732857
C027,C027-G01,C027-G01-C5,0.15042248711372394,1.5173428739177757,3.8209730789206784
C028,C028-G01,C028-G01-C1,0.08333333333333333,0.9110265901559069,1.5685337174676905
C028,C028-G01,C028-G01-C2,0.1111111111111111,0.6308142259408186,1.0748763512349135
C028,C028-G01,C028-G01-C3,0.1,0.32433372937523214,0.5895960153709604
C028,C028-G01,C028-G01-C4,0.18181818181818182,0.9551479553160508,1.6644723666058738
C028,C028-G01,C028-G01-C5,0.1111111111111111,0.6832699426169302,1.15420405624981
C029,C029-G01,C029-G01-C1,0.8366574999125787,0.6897065346841031,2.0427445629127776
C029,C029-G01,C029-G01-C2,0.5888117999289108,0.5892674413927649,1.6341341770024154
C029,C029-G01,C029-G01-C3,0.160009850453892,0.5892674413927649,1.6341341770024154
C029,C029-G01,C029-G01-C4,0.6512381818585465,0.5892674413927649,1.6341341770024154
C030,C030-G01,C030-G01-C1,0.4526302995394854,0.0,0.8885281018700273
C030,C030-G01,C030-G01-C2,0.4526302995394854,0.0,0.8885281018700273
C030,C030-G01,C030-G01-C3,0.1903135085585891,0.0,0.3851868549316621
C030,C030-G01,C030-G01-C4,0.1903135085585891,0.0,0.3851868549316621
C030,C030-G01,C030-G01-C5,0.6683699750209224,0.0,5.991495022781786
C031,C031-G01,C031-G01-C1,0.0,2.1321417339797875,2.602455789682361
C031,C031-G01,C031-G01-C2,0.0,0.6082119404159209,1.4045026135428258
C031,C031-G01,C031-G01-C3,0.0,1.2344275804837932,1.9405745448489968
C031,C031-G01,C031-G01-C4,0.0,3.3352176923097474,3.135310928137411
C031,C031-G01,C031-G01-C5,0.0,2.6245037809831517,2.6024557896823612
C031,C031-G02,C031-G02-C1,0.7634764302842865,0.0,1.78930469482306
C031,C031-G02,C031-G02-C2,1.0216512475319814,0.0,1.5715394175626471
C031,C031-G02,C031-G02-C3,1.0486208585663905,0.0,2.3329745497035286
C031,C031-G02,C031-G02-C4,1.0582841607901003,0.0,1.966923609177697
C031,C031-G02,C031-G02-C5,1.666166429228773,0.0,3.6883084512680906
C031,C031-G03,C031-G03-C1,1.0448781991570866,0.0,1.0448781991570866
C031,C031-G03,C031-G03-C2,0.7820187027644583,0.0,0.7820187027644583
C031,C031-G03,C031-G03-C3,0.19321644305234337,0.0,0.19321644305234337
C031,C031-G03,C031-G03-C4,0.19321644305234337,0.0,0.19321644305234337
C031,C031-G03,C031-G03-C5,1.1884492494229457,0.0,1.1884492494229457
C031,C031-G04,C031-G04-C1,0.11764705882352941,0.0,0.11764705882352941
C031,C031-G04,C031-G04-C2,0.13333333333333333,0.0,0.13333333333333333
C031,C031-G04,C031-G04-C3,0.2,0.0,0.2
C031,C031-G04,C031-G04-C4,0.09090909090909091,0.0,0.09090909090909091
C031,C031-G04,C031-G04-C5,0.2727272727272727,0.0,0.2727272727272727
C032,C032-G01,C032-G01-C1,0.23076923076923078,1.091083856587553,0.9680109500161809
C032,C032-G01,C032-G01-C2,0.2,1.091083856587553,1.777620108211532
C032,C032-G01,C032-G01-C3,0.18181818181818182,0.20433024950639625,0.41883746448035764
C032,C032-G01,C032-G01-C4,0.2857142857142857,1.2259814970383778,2.125072863145829
C032,C032-G01,C032-G01-C5,0.07142857142857142,1.0532487087958573,1.7773336673583295
C033,C033-G01,C033-G01-C1,0.13333333333333333,1.3844721957383248,2.363856049985646
C033,C033-G01,C033-G01-C2,0.25,0.5973667507650868,0.24155809216853033
C033,C033-G01,C033-G01-C3,0.14285714285714285,0.5429754881988152,0.9030760894409068
C033,C033-G01,C033-G01-C4,0.3,0.6898863310982452,0.3718025807358884
C033,C033-G01,C033-G01-C5,0.0,1.0096943408638568,1.6797741838580131
C033,C033-G02,C033-G02-C1,0.5429754881988152,0.5191694179835841,1.4150606757854327
C033,C033-G02,C033-G02-C2,1.0096943408638568,1.0383388359671681,2.0552243702332853
C033,C033-G02,C033-G02-C3,0.6898863310982452,0.5191694179835841,1.0810899631503517
C033,C033-G02,C033-G02-C4,1.3844721957383248,0.815095986234227,3.471200138383141
C033,C033-G02,C033-G02-C5,0.5973667507650868,0.09864218941688094,1.4698967604383033
C033,C033-G03,C033-G03-C1,1.0652287888959049,0.0,1.0731945236346574
C033,C033-G03,C033-G03-C2,1.3649591566216759,0.0,2.9890644608153822
C033,C033-G03,C033-G03-C3,1.1126894775100789,0.0,2.427166684266754
C033,C033-G03,C033-G03-C4,0.0,0.0,0.0
C033,C033-G03,C033-G03-C5,1.8199455421622344,0.0,3.985419281087176
C034,C034-G01,C034-G01-C1,0.5108256237659907,0.5052798691050813,1.3140662292088607
C034,C034-G01,C034-G01-C2,0.7297508910942725,0.5754215412038602,1.8267599073887673
C034,C034-G01,C034-G01-C3,1.0216512475319814,0.0,2.6281324584177215
C034,C034-G01,C034-G01-C4,1.459501782188545,0.6814558723327975,2.0862107579596043
C034,C034-G01,C034-G01-C5,3.1238984895184423,1.5158396073152438,7.021318213426852
C035,C035-G01,C035-G01-C1,0.9898351187161067,0.7833206105354602,2.1344650937689424
C035,C035-G01,C035-G01-C2,0.9898351187161067,0.9074882181409277,2.7141006338881355
C035,C035-G01,C035-G01-C3,0.6683699750209225,0.7528106721767749,1.7766014412556692
C035,C035-G01,C035-G01-C4,1.121000274560408,1.1346409992090722,2.673765626506003
C035,C035-G01,C035-G01-C5,0.9898351187161067,0.2597415394492377,0.8794372560053355
C035,C035-G01,C035-G01-C6,0.9898351187161067,0.2597415394492377,1.2300903991765784
C036,C036-G01,C036-G01-C1,0.5399532612558053,0.0,0.9290495086282309
C036,C036-G01,C036-G01-C2,1.5813820975102089,0.06666666666666667,2.7097025729915445
C036,C036-G01,C036-G01-C3,0.6039481778175715,0.18181818181818182,1.0921261373262825
C036,C036-G01,C036-G01-C4,0.13047380332715555,0.0,0.2692683878349164
C036,C036-G01,C036-G01-C5,2.303976853611113,0.11764705882352941,2.25758736314269
C037,C037-G01,C037-G01-C1,1.865356646475533,0.45263029953948547,4.481203131902701
C037,C037-G01,C037-G01-C2,0.5108256237659907,1.8105211981579419,5.028272054107003
C037,C037-G01,C037-G01-C3,4.641848260724622,1.3578908986184564,9.905650269835263
C037,C037-G01,C037-G01-C4,1.5324768712979722,2.2631514976974274,6.285340067633753
C037,C037-G01,C037-G01-C5,2.633071456759681,0.5755781676236515,6.346269225887221
C038,C038-G01,C038-G01-C1,0.11882014537439631,0.1680832451345694,0.43594584067272135
C038,C038-G01,C038-G01-C2,0.20952375902249834,0.1680832451345694,0.9469283654477263
C038,C038-G01,C038-G01-C3,0.6896517300451134,0.9434446514268603,2.445344985021813
C038,C038-G01,C038-G01-C4,0.8184685281220935,0.3361664902691388,2.7140123178324806
C039,C039-G01,C039-G01-C1,2.725256437932945,2.470441090034739,6.1220376335909625
C039,C039-G01,C039-G01-C2,1.1690515081940767,1.646960726689826,2.1934545926326003
C039,C039-G01,C039-G01-C3,0.10244431365194187,1.693970774267965,3.71356558338689
C039,C039-G01,C039-G01-C4,1.1690515081940767,0.9482501153668697,2.880321960105105
C040,C040-G01,C040-G01-C1,1.2718436874270007,1.363149815220358,2.767654969822458
C040,C040-G01,C040-G01-C2,0.5062468605598585,0.17629503850509776,1.400129179221055
C040,C040-G01,C040-G01-C3,1.455170430426619,2.095175689776327,4.607981380269597
C040,C040-G01,C040-G01-C4,0.6716769995627774,0.5732084434293724,1.8465172275040775
C040,C040-G01,C040-G01-C5,0.6734899182747153,4.3682436550997,9.99495924760007
C041,C041-G01,C041-G01-C1,0.2727272727272727,0.661762286124555,1.8018183666803935
C041,C041-G01,C041-G01-C2,0.1111111111111111,0.7886286311328894,1.2826240312635768
C041,C041-G01,C041-G01-C3,0.13333333333333333,0.9372947225064051,1.627995888953579
C041,C041-G01,C041-G01-C4,0.14285714285714285,0.661762286124555,1.0906985375343554
C041,C041-G01,C041-G01-C5,0.3,0.661762286124555,0.987820422203604
C041,C041-G02,C041-G02-C1,0.6181363327865185,0.0,1.816296661731875
C041,C041-G02,C041-G02-C2,0.5243078249797558,0.0,1.141415364849984
C041,C041-G02,C041-G02-C3,0.6181363327865185,0.0,4.484355077068713
C041,C041-G02,C041-G02-C4,0.6181363327865185,0.0,1.816296661731875
C041,C041-G02,C041-G02-C5,0.7119648405932812,0.0,1.6543515416045746
C041,C041-G03,C041-G03-C1,0.22566119377803534,0.0,0.22566119377803534
C041,C041-G03,C041-G03-C2,0.8551393427057536,0.0,0.8551393427057536
C041,C041-G03,C041-G03-C3,0.22566119377803534,0.0,0.22566119377803534
C041,C041-G03,C041-G03-C4,0.5048471704319284,0.0,0.5048471704319284
C041,C041-G03,C041-G03-C5,2.120665708552345,0.0,2.120665708552345
C042,C042-G01,C042-G01-C1,0.1,0.8124540530188962,1.4973328071248737
C042,C042-G01,C042-G01-C2,0.15384615384615385,0.0,1.4445734013158882
C042,C042-G01,C042-G01-C3,0.1875,0.7022675135517983,0.460969872240291
C042,C042-G01,C042-G01-C4,0.18181818181818182,0.29970730699746456,1.3773491506836208
C042,C042-G01,C042-G01-C5,0.125,0.09990243566582152,0.2304849361201455
C042,C042-G02,C042-G02-C1,0.9363717995075641,1.6840405179098596,2.527494268978063
C042,C042-G02,C042-G02-C2,0.6346949933645023,0.5613468393032865,1.6603443872612085
C042,C042-G02,C042-G02-C3,0.48542545462845527,1.0806123774434822,2.4964389214729903
C042,C042-G02,C042-G02-C4,1.238836939981003,1.6652775473471675,4.00996246226241
C042,C042-G02,C042-G02-C5,0.28009585972752443,1.122693678606573,0.8007200570954838
C042,C042-G03,C042-G03-C1,1.5111757241228365,0.0,1.0666138724933103
C042,C042-G03,C042-G03-C2,2.803273179860267,0.0,2.606191024614922
C042,C042-G03,C042-G03-C3,0.7555878620614183,0.0,0.4912003454324277
C042,C042-G03,C042-G03-C4,2.047685317798849,0.0,3.6380666763267384
C042,C042-G03,C042-G03-C5,1.0905944489396375,0.0,1.6123984763062413
C043,C043-G01,C043-G01-C1,3.6504476129913024,1.1819753069390564,6.807327072105036
C043,C043-G01,C043-G01-C2,1.3902882956105316,1.133878089116934,2.7527884519763637
C043,C043-G01,C043-G01-C3,0.7404181100776119,1.0216512475319814,1.97598916129045
C043,C043-G01,C043-G01-C4,0.46342943187017716,0.33668052475485744,0.8548761765737548
C043,C043-G01,C043-G01-C5,1.0429850322832293,0.6711496831730657,1.845544889029222
C044,C044-G01,C044-G01-C1,0.6737019135532365,0.6164669979468309,1.5827108908564456
C044,C044-G01,C044-G01-C2,2.2903697711152327,1.6442447937560771,5.2167956284237915
C044,C044-G01,C044-G01-C3,0.7832694648087289,0.9564924342869037,1.6808381167088915
C044,C044-G01,C044-G01-C4,0.37060556117345633,0.7272798351354257,0.789387477420891
C044,C044-G01,C044-G01-C5,0.2948703318422208,0.6810270068040811,0.789387477420891
C045,C045-G01,C045-G01-C1,0.46864736125320255,0.0,1.2003785539785103
C045,C045-G01,C045-G01-C2,0.16484323097740797,0.5522439175848549,1.2440875505495417
C045,C045-G01,C045-G01-C3,0.6856719782093835,1.2030759583299604,2.4881751010990834
C045,C045-G01,C045-G01-C4,0.710763744925795,0.644284570515664,1.2003785539785103
C045,C045-G01,C045-G01-C5,0.46864736125320255,1.1044878351697098,1.2003785539785103
C045,C045-G02,C045-G02-C1,0.5583618339539632,0.07142857142857142,0.8398870919290066
C045,C045-G02,C045-G02-C2,0.4815426262252651,0.0,0.8114965423426739
C045,C045-G02,C045-G02-C3,1.2112849462388395,0.08333333333333333,0.8114965423426739
C045,C045-G02,C045-G02-C4,0.6529231122848763,0.14285714285714285,0.8114965423426739
C045,C045-G02,C045-G02-C5,1.7440095581372774,0.125,1.7813338734351378
C045,C045-G02,C045-G02-C6,0.5583618339539632,0.1,0.8114965423426739
C045,C045-G03,C045-G03-C1,0.0,0.0,0.0
C045,C045-G03,C045-G03-C2,0.0,0.0,0.0
C045,C045-G03,C045-G03-C3,0.0,0.0,0.0
C045,C045-G03,C045-G03-C4,0.0,0.0,0.0
C045,C045-G03,C045-G03-C5,0.0,0.0,0.0
C045,C045-G03,C045-G03-C6,0.0,0.0,0.0
C046,C046-G01,C046-G01-C1,0.0,0.5528267014006514,0.9114543783924962
C046,C046-G01,C046-G01-C2,0.125,0.615196973653718,1.0421129117101617
C046,C046-G01,C046-G01-C3,0.3333333333333333,0.5316284772225243,2.2837819382761113
C046,C046-G01,C046-G01-C4,0.2,0.5316284772225243,1.246274354128515
C046,C046-G01,C046-G01-C5,0.07142857142857142,0.11202503172295776,0.26685839293213115
C046,C046-G01,C046-G01-C6,0.07692307692307693,2.0600439907476686,3.301955206259428
C046,C046-G02,C046-G02-C1,0.9206088164573899,0.14285714285714285,0.7727798075192738
C046,C046-G02,C046-G02-C2,0.559996004663252,0.125,0.0
C046,C046-G02,C046-G02-C3,0.6246312515450889,0.0,0.8754369037210961
C046,C046-G02,C046-G02-C4,1.119992009326504,0.2,0.8209114218284327
C046,C046-G02,C046-G02-C5,1.4711080073795453,0.15384615384615385,2.4839350955976656
C046,C046-G03,C046-G03-C1,0.0,0.0,0.0
C046,C046-G03,C046-G03-C2,0.0,0.0,0.0
C046,C046-G03,C046-G03-C3,0.0,0.0,0.0
C046,C046-G03,C046-G03-C4,0.0,0.0,0.0
C046,C046-G03,C046-G03-C5,0.0,0.0,0.0
C047,C047-G01,C047-G01-C1,0.13333333333333333,0.9052605990789708,1.6785247392286016
C047,C047-G01,C047-G01-C2,0.09090909090909091,1.0486156499595116,1.744709723469817
C047,C047-G01,C047-G01-C3,0.125,1.1387832376948837,1.5070198462894446
C047,C047-G01,C047-G01-C4,0.2222222222222222,0.7705736215611563,1.2781013090534707
C047,C047-G02,C047-G02-C1,0.7993805798482558,0.2394639575663196,2.0055018530162583
C047,C047-G02,C047-G02-C2,1.0464352400597112,0.6013677411555238,2.6461975236868858
C047,C047-G02,C047-G02-C3,1.5696528600895667,1.1631106510364098,2.5202202789557013
C047,C047-G02,C047-G02-C4,2.3586116285671506,0.5815553255182049,4.768010950936738
C047,C047-G03,C047-G03-C1,0.5331432481052816,0.0,1.1350975676275672
C047,C047-G03,C047-G03-C2,0.5997822616526971,0.0,1.0643994492286186
C047,C047-G03,C047-G03-C3,0.5997822616526971,0.0,0.6519877249407587
C047,C047-G03,C047-G03-C4,1.0007062333456764,0.0,3.4052927028827016
C047,C047-G03,C047-G03-C5,1.0007062333456764,0.0,0.6952931826859013
C047,C047-G04,C047-G04-C1,0.0,0.0,0.0
C047,C047-G04,C047-G04-C2,0.0,0.0,0.0
C047,C047-G04,C047-G04-C3,0.0,0.0,0.0
C047,C047-G04,C047-G04-C4,0.0,0.0,0.0
C047,C047-G04,C047-G04-C5,0.0,0.0,0.0
C048,C048-G01,C048-G01-C1,0.09090909090909091,0.4567382047790035,0.7821211018958804
C048,C048-G01,C048-G01-C2,0.1,1.1248796911857586,1.9466423907529178
C048,C048-G01,C048-G01-C3,0.08333333333333333,0.5232176200298556,0.7821211018958804
C048,C048-G01,C048-G01-C4,0.0,0.0,0.0
C048,C048-G01,C048-G01-C5,0.25,0.6488855476710466,1.134353672635549
C048,C048-G02,C048-G02-C1,0.0,0.0,0.0
C048,C048-G02,C048-G02-C2,0.9503732535181223,0.6287394247783502,2.332269522752243
C048,C048-G02,C048-G02-C3,0.0,0.5686030282493971,1.489340631937168
C048,C048-G02,C048-G02-C4,1.131293419849793,0.15703818813657194,2.8018136037452144
C048,C048-G02,C048-G02-C5,1.131293419849793,0.6011823109526282,2.5991372010630416
C048,C048-G02,C048-G02-C6,0.11853207818141794,0.6011823109526282,1.6133721091549875
C048,C048-G03,C048-G03-C1,0.0,0.0,0.0
C048,C048-G03,C048-G03-C2,0.0,0.0,0.0
C048,C048-G03,C048-G03-C3,0.0,0.0,0.0
C048,C048-G03,C048-G03-C4,0.0,0.0,0.0
C048,C048-G03,C048-G03-C5,0.0,0.0,0.0
C048,C048-G03,C048-G03-C6,0.0,0.0,0.0
C049,C049-G01,C049-G01-C1,1.0697918822324413,0.0,3.926820651487073
C049,C049-G01,C049-G01-C2,1.0697918822324413,0.0,3.5630668821668428
C049,C049-G01,C049-G01-C3,0.6616493356019686,0.0,1.4979795400814417
C049,C049-G01,C049-G01-C4,0.2535067889714959,0.0,2.89331205644252
C049,C049-G01,C049-G01-C5,0.4701820942049866,0.0,1.3072831117850345
C050,C050-G01,C050-G01-C1,0.16626660782840008,0.6142951341699371,1.721137044633086
C050,C050-G01,C050-G01-C2,0.7207584653762868,0.4619167874479703,2.601411466351604
C050,C050-G01,C050-G01-C3,0.2205913410792635,0.21067529364439203,0.8375760368353807
C050,C050-G01,C050-G01-C4,0.2205913410792635,0.21067529364439203,0.8375760368353807
C050,C050-G01,C050-G01-C5,0.7372291400840582,0.21067529364439203,2.0416375374294486
C051,C051-G01,C051-G01-C1,0.1,0.2911801490963166,0.6117057587479008
C051,C051-G01,C051-G01-C2,0.1,0.2911801490963166,0.6117057587479008
C051,C051-G01,C051-G01-C3,0.09090909090909091,0.1455900745481583,0.3058528793739504
C051,C051-G01,C051-G01-C4,0.08333333333333333,0.1455900745481583,0.3058528793739504
C051,C051-G01,C051-G01-C5,0.25,1.2903500733329731,2.2608128030516292
C051,C051-G01,C051-G01-C6,0.23076923076923078,0.9372947225064051,3.1183843772119846
C052,C052-G01,C052-G01-C1,0.0,0.08587542476409425,0.5843715067458124
C052,C052-G01,C052-G01-C2,0.1923219339705969,0.24535835646884072,0.7941031585835495
C052,C052-G01,C052-G01-C3,1.3101603359945138,0.633504802000411,3.4648943906994134
C052,C052-G01,C052-G01-C4,0.06584046767462416,0.5108256237659907,1.2917338899681097
C052,C052-G01,C052-G01-C5,0.5678832926987286,0.596701048530085,1.5857271685105219
