episode_id,message_id,reply_to_message_id,thread_id
A002,A002-M001,NONE,A002-T1
A002,A002-M005,NONE,A002-T2
A002,A002-M002,A002-M005,A002-T2
A002,A002-M003,A002-M002,A002-T2
A002,A002-M008,A002-M003,A002-T2
A002,A002-M009,NONE,A002-T3
A002,A002-M004,A002-M003,A002-T2
A002,A002-M010,A002-M009,A002-T3
A002,A002-M006,NONE,A002-T4
A002,A002-M007,A002-M006,A002-T4
A003,A003-M001,NONE,A003-T1
A003,A003-M002,A003-M001,A003-T1
A003,A003-M004,NONE,A003-T2
A003,A003-M005,A003-M001,A003-T1
A003,A003-M006,A003-M001,A003-T1
A003,A003-M008,A003-M001,A003-T1
A003,A003-M009,A003-M008,A003-T1
A003,A003-M007,A003-M001,A003-T1
A003,A003-M003,NONE,A003-T3
A009,A009-M001,NONE,A009-T1
A009,A009-M002,A009-M001,A009-T1
A009,A009-M011,NONE,A009-T2
A009,A009-M005,A009-M011,A009-T2
A009,A009-M003,A009-M002,A009-T1
A009,A009-M006,A009-M003,A009-T1
A009,A009-M007,A009-M003,A009-T1
A009,A009-M008,NONE,A009-T3
A009,A009-M009,A009-M008,A009-T3
A009,A009-M010,A009-M009,A009-T3
A009,A009-M004,NONE,A009-T4
A010,A010-M001,NONE,A010-T1
A010,A010-M005,NONE,A010-T2
A010,A010-M003,A010-M001,A010-T1
A010,A010-M004,A010-M003,A010-T1
A010,A010-M009,NONE,A010-T3
A010,A010-M010,A010-M009,A010-T3
A010,A010-M007,NONE,A010-T4
A010,A010-M008,A010-M007,A010-T4
A010,A010-M006,A010-M005,A010-T2
A010,A010-M002,A010-M007,A010-T4
A011,A011-M001,NONE,A011-T1
A011,A011-M002,A011-M001,A011-T1
A011,A011-M003,A011-M002,A011-T1
A011,A011-M004,A011-M002,A011-T1
A011,A011-M008,NONE,A011-T2
A011,A011-M009,A011-M008,A011-T2
A011,A011-M005,NONE,A011-T3
A011,A011-M006,A011-M005,A011-T3
A011,A011-M007,NONE,A011-T4
A011,A011-M010,A011-M005,A011-T3
A021,A021-M001,NONE,A021-T1
A021,A021-M002,A021-M001,A021-T1
A021,A021-M003,A021-M002,A021-T1
A021,A021-M004,A021-M003,A021-T1
A021,A021-M005,A021-M002,A021-T1
A021,A021-M006,A021-M005,A021-T1
A021,A021-M007,A021-M006,A021-T1
A021,A021-M008,NONE,A021-T2
A021,A021-M009,A021-M008,A021-T2
A021,A021-M010,A021-M009,A021-T2
A028,A028-M001,NONE,A028-T1
A028,A028-M002,A028-M001,A028-T1
A028,A028-M005,A028-M002,A028-T1
A028,A028-M008,A028-M002,A028-T1
A028,A028-M009,A028-M008,A028-T1
A028,A028-M006,A028-M002,A028-T1
A028,A028-M007,A028-M006,A028-T1
A028,A028-M010,A028-M009,A028-T1
A028,A028-M011,A028-M010,A028-T1
A028,A028-M012,A028-M002,A028-T1
A028,A028-M003,A028-M002,A028-T1
A028,A028-M004,A028-M003,A028-T1
A032,A032-M001,NONE,A032-T1
A032,A032-M002,NONE,A032-T2
A032,A032-M003,NONE,A032-T3
A032,A032-M004,A032-M001,A032-T1
A032,A032-M005,A032-M004,A032-T1
A032,A032-M008,NONE,A032-T4
A032,A032-M012,A032-M004,A032-T1
A032,A032-M009,A032-M008,A032-T4
A032,A032-M010,A032-M009,A032-T4
A032,A032-M011,A032-M009,A032-T4
A032,A032-M006,NONE,A032-T5
A032,A032-M007,A032-M006,A032-T5
A040,A040-M001,NONE,A040-T1
A040,A040-M002,A040-M001,A040-T1
A040,A040-M003,A040-M002,A040-T1
A040,A040-M005,NONE,A040-T2
A040,A040-M006,NONE,A040-T3
A040,A040-M004,A040-M006,A040-T3
A040,A040-M007,A040-M006,A040-T3
A040,A040-M008,NONE,A040-T4
A040,A040-M009,NONE,A040-T5
A040,A040-M010,A040-M009,A040-T5
A040,A040-M012,NONE,A040-T6
A040,A040-M011,NONE,A040-T7
A047,A047-M001,NONE,A047-T1
A047,A047-M005,A047-M001,A047-T1
A047,A047-M002,A047-M005,A047-T1
A047,A047-M006,A047-M005,A047-T1
A047,A047-M007,A047-M001,A047-T1
A047,A047-M008,NONE,A047-T2
A047,A047-M009,NONE,A047-T3
A047,A047-M010,A047-M009,A047-T3
A047,A047-M011,A047-M010,A047-T3
A047,A047-M003,NONE,A047-T4
A047,A047-M004,NONE,A047-T5
A049,A049-M005,NONE,A049-T1
A049,A049-M006,A049-M005,A049-T1
A049,A049-M007,A049-M006,A049-T1
A049,A049-M008,A049-M007,A049-T1
A049,A049-M001,NONE,A049-T2
A049,A049-M002,A049-M001,A049-T2
A049,A049-M003,A049-M002,A049-T2
A049,A049-M004,A049-M001,A049-T2
A049,A049-M009,A049-M002,A049-T2
A049,A049-M010,A049-M009,A049-T2
A060,A060-M001,NONE,A060-T1
A060,A060-M002,A060-M001,A060-T1
A060,A060-M003,NONE,A060-T2
A060,A060-M004,A060-M003,A060-T2
A060,A060-M005,A060-M003,A060-T2
A060,A060-M006,A060-M005,A060-T2
A060,A060-M008,A060-M003,A060-T2
A060,A060-M012,NONE,A060-T3
A060,A060-M007,A060-M006,A060-T2
A060,A060-M009,NONE,A060-T4
A060,A060-M010,A060-M009,A060-T4
A060,A060-M011,A060-M010,A060-T4
A068,A068-M001,NONE,A068-T1
A068,A068-M002,A068-M001,A068-T1
A068,A068-M005,A068-M001,A068-T1
A068,A068-M003,A068-M005,A068-T1
A068,A068-M004,A068-M003,A068-T1
A068,A068-M006,A068-M004,A068-T1
A068,A068-M011,A068-M006,A068-T1
A068,A068-M008,NONE,A068-T2
A068,A068-M009,NONE,A068-T3
A068,A068-M010,A068-M009,A068-T3
A068,A068-M007,NONE,A068-T4
A070,A070-M001,NONE,A070-T1
A070,A070-M004,NONE,A070-T2
A070,A070-M005,A070-M004,A070-T2
A070,A070-M006,A070-M005,A070-T2
A070,A070-M002,A070-M005,A070-T2
A070,A070-M003,A070-M002,A070-T2
A070,A070-M008,NONE,A070-T3
A070,A070-M009,NONE,A070-T4
A070,A070-M010,A070-M009,A070-T4
A070,A070-M007,A070-M006,A070-T2
A083,A083-M001,NONE,A083-T1
A083,A083-M004,NONE,A083-T2
A083,A083-M005,A083-M004,A083-T2
A083,A083-M002,A083-M001,A083-T1
A083,A083-M003,A083-M002,A083-T1
A083,A083-M006,NONE,A083-T3
A083,A083-M007,NONE,A083-T4
A083,A083-M008,NONE,A083-T5
A083,A083-M009,A083-M008,A083-T5
A083,A083-M010,A083-M009,A083-T5
A085,A085-M001,NONE,A085-T1
A085,A085-M002,A085-M001,A085-T1
A085,A085-M003,A085-M002,A085-T1
A085,A085-M004,A085-M002,A085-T1
A085,A085-M005,A085-M001,A085-T1
A085,A085-M006,A085-M005,A085-T1
A085,A085-M007,A085-M006,A085-T1
A085,A085-M008,A085-M007,A085-T1
A085,A085-M009,A085-M008,A085-T1
A085,A085-M010,A085-M009,A085-T1
A085,A085-M011,A085-M010,A085-T1
A089,A089-M001,NONE,A089-T1
A089,A089-M002,A089-M001,A089-T1
A089,A089-M003,A089-M002,A089-T1
A089,A089-M004,A089-M002,A089-T1
A089,A089-M005,A089-M003,A089-T1
A089,A089-M008,A089-M004,A089-T1
A089,A089-M006,A089-M005,A089-T1
A089,A089-M009,NONE,A089-T2
A089,A089-M011,NONE,A089-T3
A089,A089-M007,A089-M006,A089-T1
A089,A089-M010,A089-M009,A089-T2
A090,A090-M001,NONE,A090-T1
A090,A090-M002,A090-M001,A090-T1
A090,A090-M003,A090-M002,A090-T1
A090,A090-M004,A090-M003,A090-T1
A090,A090-M005,A090-M003,A090-T1
A090,A090-M006,NONE,A090-T2
A090,A090-M007,NONE,A090-T3
A090,A090-M008,NONE,A090-T4
A090,A090-M009,NONE,A090-T5
A090,A090-M010,NONE,A090-T6
A095,A095-M001,NONE,A095-T1
A095,A095-M002,A095-M001,A095-T1
A095,A095-M003,A095-M002,A095-T1
A095,A095-M005,A095-M002,A095-T1
A095,A095-M012,A095-M005,A095-T1
A095,A095-M006,NONE,A095-T2
A095,A095-M004,A095-M003,A095-T1
A095,A095-M007,A095-M006,A095-T2
A095,A095-M009,NONE,A095-T3
A095,A095-M010,A095-M009,A095-T3
A095,A095-M008,A095-M007,A095-T2
A095,A095-M011,NONE,A095-T4
